"Masc, Sing, Free","Masc, Sing, Bound","Masc, Plural, Free","Masc, Plural, Bound","Fem, Sing, Free","Fem, Sing, Bound","Fem, Plural, Free","Fem, Plural, Bound"
1,2,3,4,5,6,7,8
,,,,lmʕzzt,lmʕzzt,,
,,,,lʕssa,lʕssa,,
!lkdran,!lkdran,,,,,,
lʕum,lʕum,,,,,,
!drikuk,!drikuk,,,,,,
,,,,tajdrt,tajdrt,,
,,,,tagʃrirt,tgʃrirt,tigʃrar,tigʃrar
,,,,taχʷsmart,tχʷsmart,tiχʷsmarin,tχʷsmarin
,,,,tiħssusba,tħssusba,,
,,,,tikttutba,tkttutba,,
,,,,!timʃʃurda,!tmʃʃurda,,
,,,,!timʃʃuwra,!tmʃʃuwra,,
,,,,!timħħudra,!tmħħudra,,
,,,,!timrrujsa,!tmrrujsa,,
,,,,timssufra,tmssufra,,
,,,,tinffulsa,tnffulsa,,
,,,,tinllumda,tnllumda,,
,,,,tinmmuʁra,tnmmuʁra,,
,,,,tinqqurfa,tnqqurfa,,
,,,,tinttulfa,tnttulfa,,
,,,,!tintturfa,!tntturfa,,
,,,,!tinttujfa,!tnttujfa,,
,,,,tinzzumma,tnzzumma,,
,,,,tammajt,tammajt,,
,,,,!tidduggla,!tdduggla,,
,,,,timmussna,tmmussna,,
,,,,!timmuttla,!tmmuttla,,
,,,,timmuzzla,tmmuzzla,,
,,,,tiʃʃurfa,tʃʃurfa,,
,,,,tiʃʃurka,tʃʃurka,,
,,,,!tidduʒra,!tdduʒra,,
,,,,timmuʁra,tmmuʁra,,
,,,,timmuksa,tmmuksa,,
,,,,timmunja,tmmunja,,
,,,,timmuzʁa,tmmuzʁa,,
,,,,tinnubga,tnnubga,,
,,,,tirrugza,trrugza,,
,,,,tirruksa,trruksa,,
,,,,tittulba,tttulba,,
,,,,tiwwurga,twwurga,,
askazzaj,uskazzaj,iskazzajn,tiskazzajin,taskazzajt,tskazzajt,tiskazzajin,tskazzajin
,,,,tagat,tagat,,
,,,,tadawt,tadawt,,
,,,,taguri,tguri,tiguriwin,tiguriwin
mafaman,mafaman,id mafaman,id mafaman,,,,
!agʷrd,!wagʷrd,,,,,,
asksl,usksl,isksal,isksal,,,,
asmkl,wsmkl,ismkal,ismkal,,,,
amʕʃʃr,umʕʃʃr,imʕʃʃrn,imʕʃʃrn,tamʕʃʃrt,tmʕʃʃrt,timʕʃʃrin,tmʕʃʃrin
,,igʒdrn,igʒdrn,,,,
assndu,ussndu,issnda,issnda,tassndut,tssndut,tissnda,tssnda
,,,,,,,
imndi,imndi,,,,,,
!afrziz,!ufrziz,!ifrzizn,!ifrzizn,!tafrzizt,!tfrzizt,!tifrzizin,!tfrzizin
aʒʒgal,waʒʒgal,aʒʒgaln,aʒʒgaln,taʒʒgalt,taʒʒgalt,taʒʒgalin,taʒʒgalin
akntur,ukntur,ikʷntar,ikʷntar,taknturt,tknturt,tikʷntar,tkʷntar
,,,,,,,
asbbab,usbbab,isbbabn,isbbabn,tasbbabt,tsbbabt,tisbbabin,tsbbabin
iswi,iswi,,,,,,
!aʃbar,!uʃbar,!iʃbarn,!iʃbarn,,,,
ussif,wussif,ussifn,wussifn,,,,
uzlim,wuzlim,uzlimn,wuzlimn,tuzlimt,tuzlimt,tuzlimin,tuzlimin
amsijjs,umsijjs,imsijjsn,imsijjsn,tamsijjst,tmsijjst,timsijjsin,tmsijjsin
!aʃbaru,!uʃbaru,!iʃbura,!iʃbura,!taʃbarut,!tʃbarut,!tiʃbura,!tʃbura
aħbari,uħbari,iħbarin,iħbarin,taħbarit,tħbarit,tiħbarin,tħbarin
andaru,undaru,indura,indura,tandarut,tndarut,tindura,tndura
adaj,wadaj,,,,,,
asatm,usatm,isutam,isutam,tasatmt,tsatmt,tisutam,tsutam
imiri,imiri,,,,,,
!amazuz,!umazuz,!imazuzn,!imazuzn,!tamazuzt,!tmazuzt,!timazuzin,!tmazuzin
agʷilal,ugʷilal,igʷilaln,igʷilaln,tagʷilalt,tgʷilalt,tigʷilalin,tgʷilalin
akʷndrris,ukʷndrris,ikʷndrras,ikʷndrras,takʷndrrist,tkʷndrrist,tikʷndrras,tikʷndrras
,,,,lmgzzrt,lmgzzrt,,
astara,ustara,istaran,istaran,,,,
,,,,tinrbit,tnrbit,tinrbay,tnrbay
,,,,tamsaʁt,tmsaʁt,,
amsaʁ,umsaʁ,imsaʁn,imsaʁn,tamsaʁt,tmsaʁt,timsaʁin,tmsaʁin
aslum,uslum,,,,,,
aslaj,uslaj,,,,,,
askkir,uskkir,iskkirn,iskkirn,,,,
!amʕʃur,!umʕʃur,!imʕʃar,!imʕʃar,!tamʕʃurt,!tmʕʃurt,!timʕʃar,!tmʕʃar
,,,,tikrraf,tkrraf,,
assndu,ussndu,,,,,,
ukkim,wukkim,ukkimn,wukkimn,tukkimt,tukkimt,tukkimin,tukkimin
!aħttu,!uħttu,,,,,,
arrag,warrag,arragn,warragn,tarragt,tarragt,tarragin,tarragin
awrag,wawrag,,,,,,
ibiks,ibiks,ibaksn,ibaksn,tibikst,tibikst,tibaksin,tibaksin
addal,waddal,addaln,waddaln,taddalt,taddalt,taddalin,taddalin
,,,,taguni,tguni,,
,,,,,,,
,,,,tasbaqqajt,tsbaqqajt,,
assufʁ,ussufʁ,,,,,,
!akttu,!ukttu,,,,,,
aʃubbu,aʃubbu,,,,,,
,,,,tijjit,tijjit,,
,,,,lkmit,lkmit,,
!amdaj,!umdaj,,,,,,
,,,,tamʁuri,tmʁuri,,
adraw,udraw,idrawn,idrawn,,,,
,,,,tazdajt,tzdajt,,
asmal,usmal,ismaln,ismaln,,,,
!izid,!izid,!izidn,izidn,,,,
aʃtibbʃ,uʃtibbʃ,!iʃtibbiʃn,!iʃtibbiʃn,,,,
104,,,,,,,
attaf,wattaf,,,,,,
asali,usali,,,,,,
asrus,usrus,,,,,,
asdal,usdal,,,,,,
ammussu,ummussu,immussutn,immussutn,,,,
112,,,,,,,
askubbr,uskubbr,iskubbrn,iskubbrn,taskubbrt,tskubbrt,tiskubbrin,tskubbrin
igiwr,igiwr,,,,,,
,,,,tuntla,tuntla,,
,,,,tankra,tankra,,
,,,,tikni,tikni,,
akʷttaj,akʷttaj,,,,,,
aʒgugl,uʒgugl,iʒgugal,iʒgugal,,,,
!asud,!usud,!isudan,!isudan,!tasutt,!tsutt,!tisudin,!tsudin
asram,usram,isramn,isramn,,,,
,,,,!taduri,!tduri,,
,,,,!tamʒikrrt,!tmʒikrrt,,
awwaj,wawwaj,,,,,,
anggas,unggas,,,,,,
azlam,uzlam,,,,,,
!asgruʒʒm,!usgruʒʒm,,,,,,
askkujs,uskkujs,,,,,,
asnufl,usnufl,,,,,,
amχzni,umχzni,imχznaj,imχznaj,tamχznit,tamχznit,timχznaj,tmχznaj
alqqaʕ,ulqqaʕ,ilqqaʕn,ilqqaʕn,,,,
aʕwin,uʕwin,iʕwinn,iʕwinn,taʕwint,tʕwint,tiʕwinin,tʕwinin
awwas,wawwas,,,,,,
igidr,igidr,igidar,igidar,,,,
asmmum,,,,,,,
,,,,tismmji,tismmji,,
issgni,issgni,issgna(j),issgna(j),tissgnit,tssgnit,tissgna(j),tssgna(j)
anzl,unzl,,,,,,
amɦmaz,umɦmaz,,,,,,
anʁuz,unʁuz,,,,,,
asaqqʷs,usaqqʷs,isuqqas,isuqqas,tasaqqʷst,tsaqqʷst,tisuqqas,tsuqqas
afras,ufras,,,,,,
ifr,ifr,ifarran,ifarran,tifrt,tfrt,tifarrin,tfarrin
ifr,ifr,ifrawn,ifrawn,tifrt,tfrt,tifrawin,tfrawin
anrar,unrar,inrarn,inrarn,,,,
aluqqid,uluqqid,iluqqidn,iluqqidn,taluqqitt,tluqqitt,tiluqqidin,tluqqidin
!alʕjud,!ulʕjud,!ilʕjad,!ilʕjad,!alʕjutt,!lʕjutt,!ilʕjad,!lʕjad
!dls,!dls,,,,,,
,,,,talluzt,talluzt,tillwaz,tillwaz
aħbib,uħbib,iħbibn,iħbibn,taħbibt,tħbibt,tiħbibin,tħbibin
aɦwawi,uɦwawi,iɦwawin,iɦwawin,taɦwawit,tɦwawit,tiɦwawin,tiɦwawin
!imirzig,!imirzig,,,,,,
amddakkʷl,umddakkʷl,imddukkal,imddukkal,tamddakkʷll,tmddakkʷlt,timddukkal,tmddukkal
,,,,tiddukkla,tiddukkla,,
,,,,tajri,tajri,,
ħubban,ħubban,,,,,,
albbiʁ,ulbbiʁ,ilbbiʁn,ilbbiʁn,talbbiʁt,tlbbiʁt,tilbbiʁin,tlbbiʁin
,,,,!lɦdrt,!lɦdrt,,
,,,,targgimt,trggimt,tirggimin,trggimin
aqdim,uqdim,iqdimn,iqdimn,taqdimt,tqdimt,tiqdimin,tqdimin
160,,,,,,,
aʁjjul,uʁjjul,iʁʷjjal,iʁjjal,taʁʷjjult,tʁjjult,tiʁʷjjal,tʁʷjjal
!azʁa,!wazʁa,!azʁiwn,!azʁiwn,,,,
aχlχal,uχlχal,iχlχaln,iχlχaln,taχlχalt,tχlχalt,tiχlχalin,tχlχalin
asggʷas,usggʷas,isggʷasn,isggʷasn,,,,
lbriħ,lbriħ,,,,,,
177,,,,,,,
asadmr,usadmr,,,,,,
amgrud,umgrud,imgrad,imgrad,tamgrutt,tmgrutt,timgrad,tmgrad
addaj,waddaj,,,,,,
,,,,tadggʷat,tdggʷat,,
aʕrab,waʕrab,aʕrabn,aʕrabn,taʕrabt,taʕrabt,taʕrabin,taʕrabin
addag,waddag,,,,,,
aqarid,uqarid,iqaridn,iqaridn,,,,
alkkum,ulkkum,,,,,,
assʁʷli,ussʁʷli,,,,,,
azwag,uzwag,,,,,,
asnus,usnus,isnas,isnas,tasnust,tsnust,tisnas,tsnas
,,,,tuʃʃrka,tuʃʃrka,,
amʃʃrk,umʃʃrk,imʃʃrkn,imʃʃrkn,tamʃʃrkt,tmʃʃrkt,timʃʃrkin,tmʃʃrkin
aʃrik,uʃrik,iʃrikn,iʃrikn,taʃrikt,tʃrikt,tiʃrikin,tʃrikin
ankruf,unkruf,inkraf,inkraf,tankruft,tnkruft,tinkraf,tnkraf
!anbbarsu,!unbbarsu,!inbbursa,!inbbursa,!tanbbarsut,!nbbarsut,!tinbbursa,!tnbbursa
aziwal,uziwal,iziwaln,iziwaln,taziwalt,tziwalt,tiziwalin,tziwalin
asds,usds,isdas,isdas,tasdst,tsdst,tisdas,tsdas
,,,,!talfttrt,!tlfttrt,!tilfttrin,!tlfttrin
!aʃʃaħur,!uʃʃaħur,!iʃʃuħar,!iʃʃuħar,!taʃʃaħurt,!tʃʃaħurt,!tiʃʃuħar,!tʃʃuħar
!abukad,!ubukad,!ibukadn,!ibukadn,!tabukat,!bukatt,!tibukadin,!tbukadin
llɦf,llɦf,,,,,,
adraj,udraj,,,,,,
aduku,uduku,idukan,idukan,tadukut,tdukut,tidukin,tdukin
,,,,tarrast,tarrast,tarrasin,tarrasin
,,,,talajt,talajt,talajin,talajin
aʒgugl,uʒgugl,iʒgugal,iʒgugal,taʒguglt,tʒguglt,tiʒgugal,tiʒgugal
arras,warras,,,,,,
akur,ukur,ikurn,ikurn,takurt,takurt,tikurin,tikurin
196,,,,,,,
ukris,ukris,ukrisn,ukrisn,tukrist,tukrist,tukrisin,tukrisin
aʃddad,uʃddad,,,,,,
agra,ugra,igrwan,igrwan,tagra,tgra,tigrwin,tgrwin
amar,wamar,imariwn,ijmariwn,tamart,tamart,timariwin,timariwin
!aʃnid,!uʃnid,!iʃnad,!iʃnad,!taʃnitt,!tʃnitt,!tiʃnad,!tʃnad
!abrɦuʃ,!ubrɦuʃ,!ibrɦuʃn,!ibrɦuʃn,!tabrɦuʃt,!tbrɦuʃt,!tibrɦuʃtn,!tbrɦuʃin
!akrkad,!ukrkad,!ikrkadn,!ikrkadn,!takrkatt,!tkrkatt,!tikrkadin,!tikrkadin
aʁrrabu,uʁrrabu,iʁrruba,iʁrruba,taʁrrabut,tʁrrabut,tiʁrruba,tiʁrruba
!abarku,!ubarku,!iburka,!iburka,!tabarkut,!tbarkut,!tiburka,!tburka
azddar,uzddar,,,,,,
!abarra,!ubarra,!ibarratn,!ibarratn,!tabarrat,!tbarrat,!tibarratin,!tbarratin
!abanna,!ubanna,!ibannatn,!ibannatn,!tabannat,!tbannat,!tibannatin,!tbannatin
afrwal,ufrwal,ifrwaln,ifrwaln,tafrwalt,tfrwalt,tifrwalin,tfrwalin
562,,,,,,,
212,,,,,,,
aħlajs,uħlajs,iħljas,iħljas,taħlajs,tħlajs,tiħljas,tħljas
aħħram,uħħram,iħħramn,iħħramn,taħħramt,tħħramt,tiħħramin,tħħramin
!akuraj,!akuraj,!akuraj,!akuraj,!akuraj,!akuraj,!akuraj,!akuraj
!aχʷbbat,!uχʷbbat,!iχʷbbatn,!iχʷbbatn,!aχʷbbatt,!tχʷbbatt,!tiχʷbbatin,!tiχʷbbatin
asuff,usuff,isuffn,,,,,
abʒʒaq,ubʒʒaq,ibʒʒaqn,ibʒʒaqn,tabʒʒaqt,tbʒʒaqt,tibʒʒaqin,tibʒʒaqin
alddaj,ulddaj,ilddajn,ilddajn,,,,
amrmur,umrmur,imrmurn,imrmurn,,,,
afalkaj,ufalkaj,ifalkajn,ifalkajn,tafalkajt,tfalkajt,ifalkajn,ifalkajn
arbib,urbib,irbibn,irbibn,tarbibt,trbibt,tirbibin,trbibin
afulki,ufulki,,,,,,
aʁnzur,uʁnzur,iʁʷnzar,iʁʷnzar,taʁnzurt,tʁnzurt,tiʁʷnzar,tʁʷnzar
!afrjad,!ufrjad,!ifrjadn,!ifrjadn,!tafrjatt,!tfrjatt,!tifrjadin,!tfrjadin
226,,,,,,,
aqaddim,uqaddim,iqaddimn,iqaddimn,taqaddimt,tqaddimt,tiqaddimin,tqaddimin
!agrwaz,!ugrwaz,!igrwazn,!igrwazn,!tagrwazt,!tgrwazt,!tigrwazin,!tgrwazin
atmtam,utmtam,itmtamn,itmtamn,tatmtamt,ttmtamt,titmtamin,titmtamin
atftaf,utftaf,itftafn,itftafn,tatftaft,ttftaft,titftafin,ttftafin
izimmr,izimmr,izammarn,izammarn,,,,
aħuli,uħuli,iħulin,iħulin,,,,
!amrdi,!umrdi,!imrdijn,!imrdijn,!tamrdit,!tmrdit,!timrdijin,!tmrdijin
ambʷarki,umbʷarki,imbʷarkijn,imbʷarkijn,tambʷarkit,tmbʷarkit,timbʷarkijin,tmbʷarkijin
anuɦnnu,unuɦnnu,,,,,,
aduɦdu,uduɦdu,,,,,,
amksa,umksa,imksawn,imksawn,tamksat,tmksat,timksawin,tmksawin
abidun,ubidun,ibidan,ibidan,tabidunt,tbidunt,tibidan,tbidan
abzg,ubzg,ibzgan,ibzgan,,,,
asgdl,usgdl,isgdal,isgdil,tasgdlt,tsgdlt,tisgdal,tsgdal
umlil,umlil,umliln,umliln,tumlilt,tumlilt,tumlilin,tumlilin
timlli,tmlli,,,,,,
ird,jird,irdn,jirdn,,,,
aznbu,uznbu,,,,,,
amagus,umagus,imugas,imugas,tamagust,tmagust,timugas,tmugas
,,,,tiggst,tiggst,tiggas,tiggas
aggas,waggas,aggasn,waggasn,taggast,taggast,taggasin,taggasin
amraz,umraz,imrazn,imrazn,,,,
aʃɦbun,uʃɦbun,iʃɦbunn,iʃɦbunn,taʃɦbunt,tʃɦbunt,tiʃɦbunin,tʃɦbunin
azgr,uzgr,izgran,izgran,,,,
afunas,ufunas,ifunasn,ifunasn,tafunast,tfunast,tifunasin,tfunasin
assrʁu,ussrʁu,issrʁutn,issrʁutn,,,,
!ibidr,!ibidr,,,,,,
!abidar,!ubidar,!ibidarn,!ibidarn,!tabidart,!tbidart,!tibidarin,!tbidarin
1514,,,,,,,
,,,,tama,tama,,
ird,jir,ariwn,wariwn,,,,
amknanu,umknanu,imknuna,imknuna,tamknanut,tmknanut,timknuna,tmknuna
ankkur,unkkur,inkʷran,inkʷran,tankkurt,tnkkurt,tinkʷrin,tnkʷrin
ikru,ikru,ikrwan,ikrwan,,,,
!aʁad,!waʁad,!aʁadw,!waʁadn,!taʁatt,!taʁatt,!taʁadin,!taʁadin
abukir,ubukir,ibukirn,ibukirn,tabukirt,tabukirt,tibukirin,tibukirin
imi,jimi,imawn,jimawn,timit,timit,timawin,timawin
agzzar,ugzzar,igzzarn,igzzarn,tagzzart,tgzzart,tigzzarin,tgzzarin
263,,,,,,,
asaqqun,usaqqun,isuqqan,isuqqan,tasaqqunt,tsaqqunt,tisuqqan,tsuqqan
aχχummi,uχχummi,,,,,,
aχχummu,uχχummu,,,,,,
270,,,,,,,
!abluz,!ubluz,!iblzan,!iblzan,,,,
allaʁ,wallaʁ,allaʁn,wallaʁn,tallaʁt,tallaʁt,tallaʁin,tallaʁin
aflufu,uflufu,iflufutn,iflufutn,,,,
aʕbbud,uʕbbud,iʕbbud,iʕbbud,taʕbbutt,tʕbbutt,tiʕbbad,tʕbbad
!abggar,!ubggar,!ibggarn,!ibggarn,!tabggart,!tbggart,!tibggarin,!tbggarin
amugaj,umugaj,imugajn,imugajn,tamugajt,tmugatj,timugajin,tmugajin
!asħurru,!usħurru,!isħurrutn,!isħurrutn,,,,
275,,,,,,,
!asskkid,!usskkid,!isskkidn,!isskkidn,!tasskkitt,!tsskkitt,!tisskkidin,!tsskkidin
iʁil,jiʁil,iʁaln,iʁaln,tiʁilt,tiʁilt,tiʁalin,tiʁalin
algammu,ulgammu,ilgumma,ilgumma,talgammut,tlgammut,tilgumma,tilgumma
!aqttaʕ,!uqttaʕ,!iqttaʕn,!iqttaʕn,!taqttaʕt,!tqttaʕt,!tiqttaʕin,!tqttaʕin
280,,,,,,,
,,,,taqqurt,taqqurt,,
!amħrug,!umħrug,!imħrag,!imħrag,!tamħrugt,!tmħrugt,!timħrag,!timħrag
aħrrig,uħrrig,iħrrign,iħrrign,,,,
aʃddir,aʃddir,iʃddirn,iʃddirn,,,,
aslħam,uslħam,islħamn,islħamn,taslħamt,tslħamn,tislħamin,tislħamin
aχnif,uχnif,iχnfan,iχnfan,,,,
aχidus,aχidus,iχidas,iχidas,,,,
!aħdu,!uħdu,,,,,,
agʒdmmur,ugʒdmmur,igʒdmmar,igʒdmmar,,,,
!ibbindr,!ibbindr,!ibbandriwn,!ibbandriwn,,,,
alkʷnnaʃ,ulkʷnnaʃ,ilkʷnnaʃn,ilkʷnnaʃn,talkʷnnaʃt,tlkʷnnaʃt,tilkʷnnaʃin,tlkʷnnaʃin
!aħttid,!uħttid,!iħttidn,!iħttidn,,,,
,,,,!taħzzart,!tħzzart,,
aħsasbi,uħsasbi,iħsasbin,iħsasbin,taħsasbit,tħsasbit,tiħsasbin,tiħsasbin
200,,,,,,,
aʕkkaz,uʕkkaz,iʕkkazn,iʕkkazn,taʕkkazt,tʕkkazt,tiʕkkazin,tiʕkkazin
aqlmun,uqlmun,iqʷlman,iqʷlman,taqlmunt,tqlmunt,tiqʷlmin,tqʷlmin
,,,,tasqaqajt,tasqaqajt,,
aqllal,uqllal,iqllaln,iqllaln,taqllalt,tqllalt,tiqllalin,tqllalin
!imʃd,!imʃd,!imʃdn,!imʃdn,!timʃtt,!tmʃtt,!imʃd,!imʃd
aqrʃal,uqrʃal,iqrʃaln,iqrʃaln,taqrʃalt,tqrʃalt,tiqrʃalin,tqrʃalin
306,,,,,,,
!ikid,!ikid,!ikadiwn,!ikadiwn,!tikida,!tkida,!TikadiwIn,!TikadiwIn
306,,,,,,,
uzun,wuzun,uzunan,uzunan,tuzunt,tuzunt,tuzunin,tuzunin
ʒʒlliʒ,ʒʒlliʒ,,,taʒʒlliʒt,tʒʒlliʒt,tiʒʒlliʒin,tʒʒlliʒin
amazzr,umazzr,imuzzar,imuzzar,,,,
amrrag,umrrag,imrragn,imrragn,,,,
amsnaj,umsnaj,imsnajn,imsnajn,tamsnajt,tmsnajt,timsnajin,tmsnajin
amnaj,umnaj,imnajn,imnajn,tamnajt,tmnajt,timnajin,tmnajin
!amkrud,!umkrud,!imkrad,!imkrad,!tamkrutt,!tmkrutt,!timkrad,!mkrad
!abukd,!ubukd,,,,,,
ibikks,ibikks,ibakksn,ibakksn,tibikkst,tibikkst,tibakksin,tbakksin
,,,,taggʷst,taggʷst,tuggas,tuggas
aʕzri,uʕzri,iʕzraj,iʕzraj,taʕzrit,tʕzrit,tiʕzraj,tʕzraj
abʃʃar,ubʃʃar,ibʃʃarn,ibʃʃarn,tabʃʃart,tbʃʃart,tibʃʃarin,tbʃʃarin
imsgilli,imsgilli,imsgillitn,imsgillitn,timsgillit,tmsgillit,timsgillitin,tmsgillitin
imgilli,imgilli,imgillitn,imgillitn,timgillit,timgillit,timgillitin,tmgillitin
amrgul,umrgul,imrgʷal,imrgʷal,tamrgult,tmrgult,timrgʷal,tmrgʷal
iʁd,jiʁd,,,,,,
uʃʃn,wuʃʃn,wuʃʃn,wuʃʃn,wuʃʃn,wuʃʃn,wuʃʃn,wuʃʃn
325,,,,,,,
amlħaf,amlħaf,imlħafn,imlħafn,tamlħaft,tmlħaft,tmlħafin,tmlħafin
,,,,rrʁut,rrʁut,,
,,,,tirʁi,tirʁi,,
aħanu,uħanu,iħuna,iħuna,taħanut,tħanut,tiħuna,tiħuna
!arʕm,!urʕm,!irʕman,!irʕman,!tarʕmt,!trʕmt,!tirʕmin,!trʕmin
arffak,urffak,irffakn,irffakn,tarffakt,trffakt,tirffakin,trffakin
igr,jigr,igran,igran,,,,
agʷrsl,ugʷrsl,igʷrsal,igʷrsal,,,,
urar,wurar,urarn,urarn,,,,
amarg,umarg,imurag,imurag,,,,
amarir,umarir,imarirn,imarirn,tamarirt,tmarirt,timaririn,tmaririn
imtʃi,imtʃi,imtʃan,imtʃan,,,,
akuz,wakuz,akuzn,wakuz,,,,
awgga,wawgga,awggatn,wawggatn,tawggat,tawggat,tawggatin,tawggatin
!midrus,!midrus,,,,,,
askrz,uskrz,iskraz,iskraz,taskrzt,tskrzt,tiskraz,tskraz
awwullu,wawwullu,iwwulla,iwwulla,tawwullut,tawwullut,tiwwulla,tiwwulla
,,,,tagʷmrt,tgʷmrt,,
,,,,tangʷmrt,tngʷmrt,,
angʷmar,ungʷmar,ingʷmarn,ingʷmarn,tangʷmart,tngʷmart,tingʷmarin,tngʷmarin
asjjad,usjjad,isjjadn,isjjadn,tasjjatt,tsjjatt,tisjjadin,tsjjadin
!amuʃʃ,!umuʃʃ,!imaʃʃiwn,!imaʃʃiwn,!tmuʃʃa,!tmuʃʃa,!timaʃʃiwin,!tmaʃʃiwin
amsruj,umsruj,imsruj,imsruj,tamsrujt,tmsrujt,timsraj,tmsraj
aʁaras,uʁaras,iʁarasn,iʁarasn,taʁarast,tʁarast,tiʁarasin,tʁarasin
agʷmar,ugʷmar,igʷmarn,igʷmarn,tagʷmart,tgʷmart,tigʷmarin,tgʷmarin
ajjis,wajjis,isan,isan,,,,
!akitar,!ukitar,!ikitarn,!ikitarn,,,,
azzar,wazzar,,,,,,
261,,,,,,,
iʁʒd,iʁʒd,iʁʒdn,iʁʒdn,,,,
bʒgi,bʒgi,bʒgi,bʒgi,,,,
ajdi,wajdi,ijdan,jijdan,,,,
ikzin,ikzin,ikzinn,ikzinn,,,,
!uskaj,!wuskaj,!uskajn,!wuskajn,!tuskajt,!tuskajt,!tuskajin,!tuskajin
358,,,,,,,
!aʃrwid,!uʃrwid,!iʃrwidn,!iʃrwidn,!taʃrwitt,!aʃrwid,!aʃrwid,!aʃrwid
ablbbuz,ublbbuz,iblbbaz,iblbbaz,tablbbuzt,ablbbuz,ablbbuz,ablbbuz
aʃlħi,uʃlħi,iʃlħijn,iʃlħijn,taʃlħit,tʃlħit,tiʃlħijin,tʃlħijin
,,,,taʁawsa,tʁawsa,tiʁawsiwin,tʁawsiwin
!arumi,!urumi,!irumin,!irumin,!tarumit,!trumit,!tirumijin,!trumijin
asraj,usraj,,,,,,
,,,,tagzzajt,tgzzajt,,
ignna,ignna,ignwan,ignwan,,,,
bllarʒ,bllarʒ,id bllarʒ,id bllarʒ,,,,
afa,wafa,afatn,wafatn,,,,
!asmdl,!usmdl,!ismdal,!ismdal,,,,
370,,,,,,,
aχʷmasi,,,,,,,
aħʒʒam,aħʒʒam,aħʒʒam,aħʒʒam,taħʒʒamt,taħʒʒamt,aħʒʒam,aħʒʒam
373,,,,,,,
aχsaj,waχsaj,aχsajn,aχsajn,taχsajt,taχsajt,taχsajin,taχsajin
375,,,,,,,
!amsmar,!umsmar,imsmarn,imsmarn,!tamsmart,!tmsmart,timsmarin,timsmarin
ul,wul,ulawn,wulawn,,,,
,,,,lʕʃrt,lʕʃrt,,
aʁʷmmir,uʁʷmmir,iʁʷmran,iʁʷmran,taʁʷmmirt,tʁʷmmirt,tiʁʷmrin,tʁʷmrin
,,,,tuqqut,tuqqut,tuqqutin,tuqqutin
,,uqqan,wuqqan,,,,
,,,,ttqlliqa,ttqlliqa,,
amqllq,umqllq,imqllqn,imqllqn,tamqllqt,tmqllqt,timqllqin,tmqllqin
!armmʷad,!urmmʷad,,,,,,
azlag,uzlag,izlagn,izlagn,tazlagt,tzlagt,tizlagin,tzlagin
,,,,tildit,tldit,tildijin,tldijin
386,,,,,,,
388,,,,,,,
,,,,talat,talat,talatin,talatin
awrir,wawrir,awrirn,wawrirn,tawrirt,tawrirt,tawririn,tawririn
,,,,tamilla,tmilla,timalliwin,tmalliwin
aʃamuʃ,uʃamuʃ,iʃumaʃ,iʃumaʃ,taʃamuʃt,tʃamuʃt,tiʃumaʃ,tʃumaʃ
adχʷs,udχʷs,idχʷsan,idχʷsan,,,,
abddu,ubddu,,,,,,
amawal,umawal,imawaln,imawaln,,,,
asmmun,usmmun,ismmunn,ismmunn,tasmmunt,tsmmunt,tismmunin,tsmmunin
asmun,usmun,ismunn,ismunn,tasmunt,tsmunt,tismunin,tsmunin
,,,,lfɦamt,lfɦamt,,
lħsab,lħsab,lħsabat,lħsabat,,,,
87,,,,,,,
amglaj,umglaj,iamglajn,imglajn,tamglajt,tmglajt,tiamglajin,tmglajin
aglaj,uglaj,,,,,,
abaraz,ubaraz,ibarazn,ibarazn,,,,
asiʁaʁ,usiʁaʁ,isiʁaʁn,isiʁaʁn,tasiʁaʁt,tsiʁaʁt,tisiʁaʁin,tsiʁaʁin
,,,,tawsna,tawsna,,
lbni,lbni,,,,,,
!amʃiwr,!umʃiwr,!imʃiwirn,!imʃiwirn,!tamʃiwrt,!tmʃiwrt,!timʃiwirin,!tmʃiwirin
uraw,uuraw,urawn,wurawn,,,,
aslajmi,uslajmi,islajmin,islajmin,taslajmit,tslajmit,tislajmin,tslajmin
amdraw,umdraw,imdrawn,imdrawn,tamdrawt,tmdrawt,timdrawin,tmdrawin
asram,usram,isramn,isramn,,,,
412,,,,,,,
afullus,ufullus,ifullusn,ifullusn,tafullust,tfullust,tifullusin,tfullusin
agajwar,ugajwar,igajwarn,igajwarn,,,,
izikr,izikr,izakarn,izakarn,tizikrt,tzikrt,tizakarin,tzakarin
adinan,udinan,idinann,idinann,,,,
!agttus,!ugttus,!igʷttas,!igʷttas,,,,
,,,,,,,
isk,yisk,askiwn,waskiwn,tiskt,tiskt,taskiwin,taskiwin
aʁzdis,uʁzdis,iʁzdisn,iʁzdisn,taʁzdist,tʁzdist,tiʁzdisin,tʁzdisin
asawn,usawn,isiwan,isiwan,tasawnt,tsawnt,tisiwan,tsiwan
!amggrd,!umggrd,!imggrad,!imggrad,!tamggrtt,!tmggrtt,!timggrad,!tmggrad
279,,,,,,,
,,,,tawrʁi,tawrʁi,,
aʁgʷmmi,uʁgʷmmi,iʁgʷmma,iʁgʷmma,taʁgʷmmit,tʁgʷmmit,tiʁgʷmma,tʁgʷmma
adasil,udasil,idasiln,idasiln,tadasilt,tdasilt,tidasilin,tdasilin
85,,,,,,,
abbaj,wabbaj,abbajn,wabbajn,tabbajt,tabbajt,tabbajin,tabbajin
asarag,usarag,isaragn,isaragn,tasaragt,tsaragt,tisaragin,tsaragin
,,,,tazzla,tazzla,,
,,,,tizzla,tizzla,,
,,,,tiʁira,tiʁira,,
agzzajlu,ugzzajlu,igzzujla,igzzujla,tagzzajlut,tgzzajlut,tigzzujla,tgzzujla
adllal,udllal,idllaln,idllaln,tadllalt,tdllalt,tidllalin,tdllalin
!asmsar,!usmsar,!ismsarn,!ismsarn,!tasmsart,!tsmsart,!tismsarin,!tsmsarin
,,,,tasksut,tsksut,tisksutin,tsksutin
ajjaw,wajjaw,ajjawn,wajjawn,tajjawt,tajjawt,tajjawin,tajjawin
,,,,tigni,tgni,,
asdl,usdl,isdal,isdal,tasdlt,tsdlt,tisdal,tsdal
asrgul,usrgul,isrgʷal,isrgval,tasrgult,asrgul,tisrgʷal,tisrgʷal
!afrsad,!ufrsad,!ifrsadn,!ifrsadn,!tafrsadt,!tfrsatt,!tifrsadin,!trsadin
aʕban,uʕban,iʕbann,iʕbann,taʕbant,tʕbant,tiʕbanin,tʕbanin
afaggu,ufaggu,ifugga,ifugga,tafaggut,tfaggut,tifugga,tfugga
,,,,taduli,taduli,,
1314,,,,,,,
,,,,timdllst,tmdllst,,
aqaʃʃa,uqaʃʃa,iqaʃʃatn,iqaʃʃatn,taqaʃʃa,tqaʃʃa,tiqaʃʃatin,tqaʃʃatin
,,,,taʁuzi,tʁuzi,,
,,,,taʁʷjjit,tʁʷjjit,,
!butztaz,!butztaz,id !butztaz,id !butztaz,,,,
ifif,ifif,,,,,,
abrraħ,ubrraħ,ibrraħn,ibrraħn,tabrraħt,tabrraħt,tibrraħin,tibrraħin
!anzad,!unzad,!inzadn,!inzadn,!tanzatt,!tnzat,!tinzadin,!tnzadin
aftas,uftas,iftasn,iftasn,,,,
agl,wagl,uglan,uglan,,,,
akʷlib,ukʷlib,ikʷlban,ikʷlban,takʷlibt,tkʷlibt,tikʷlbin,tikʷlbin
,,,,tafuri,tfuri,,
amumn,umumn,imumnn,amumn,tamumnt,tmumnt,timumnin,tmumnin
abuqqal,ubuqqal,ibuqqaln,abuqqal,tabuqqalt,tbuqqal,tibuqqalin,tbuqqalin
aqnqum,uqnqum,iqnqʷam,iqnqʷam,taqnqumt,tqnqumt,tiqnqʷam,tqnqʷam
anwal,unwal,inwaln,inwaln,tanwalt,tnwalt,tinwalin,tnwalin
,,,,tinwit,tnwit,,
!agruʒʒm,!ugruʒʒm,,,,,,
anas,wanas,anasn,wanasn,tanast,tanast,tanasin,tanasin
aχʷna,uχʷna,ixnwan,ixnwan,taχʷna,tχʷna,tixnwin,txnwin
!asud,!usud,!isudan,!isudan,!tasutt,!tsutt,!tisudin,!tsudin
,,,,tagnunnit,tgnunnit,tignunnaj,tignunnaj
afllaħ,ufllaħ,ifllaħn,ifllaħn,tafllaħt,tfllaħt,tifllaħin,tfllaħin
aħwajʃ,uħwajʃ,,,,,,
!aʒndid,!uʒndid,!iʒndidn,!iʒndidn,!taʒndit,!tʒnditt,!tiʒndidin,!tʒndidin
!aʒnʒid,!uʒnʒid,!iʒnʒidn,!iʒnʒidn,!taʒnʒitt,!tʒnʒitt,!iʒnʒidn,!tiʒnʒidin
asbbaqs,usbbaqs,isbbuqas,isbbuqas,tasbbaqst,tsbbaqst,tisbbuqas,tsbbuqas
asbbaqqs,usbbaqqs,isbbuqqas,isbbuqqas,tasbbaqqst,tsbbaqqst,tisbbuqqas,tsbbuqqas
476,,,,,,,
anggu,unggu,inggʷa,inggʷa,tanggut,tnggut,tinggʷa,tnggʷa
anfsad,unfsad,infsadn,infsadn,tanfsatt,tnfsatt,tinfsadin,tnfsadin
aʃrrig,uʃrrig,iʃrrign,iʃrrign,taʃrrigt,tʃrrigt,tiʃrrigin,tʃrrigin
,,iχarran,iχarran,,,,
afrak,ufrak,,,,,,
aʁuʒbu,uʁuʒbu,,,,,,
imkli,imkli,imklawn,imklawn,,,,
anwwaʃ,unwwaʃ,inwwaʃn,inwwaʃn,tanwwaʃt,tnwwaʃt,tinwwaʃin,tnwwaʃin
arw(w)aj,urw(w)aj,irw(w)ajn,irw(w)ajn,,,,
abʒwaj,ubʒwaj,ibʒwajn,ibʒwajn,,,,
485,,,,,,,
afukku,ufukku,,,,,,
azgn,uzgn,,,,,,
aχllu,uχllu,,,,,,
aχʷs,waχʷs,uχsan,uχsan,taχʷst,taχʷst,tuχsin,tuχsin
490,,,,,,,
azuzzr,uzuzzr,,,,,,
rrwa,rrwa,,,,,,
,,,,taʁuni,tʁuni,,
asitti,usitti,,,,,,
!abdan,!ubdan,!ibdann,!ibdann,,,,
!agʷʒdad,!ugʷʒdad,!igʷʒdadn,!igʷʒdadn,!tagʷʒdatt,!tgʷʒdatt,!tigʷʒdadin,!tgʷʒdadin
anakuf,unakuf,inukaf,inukaf,tanakuft,tnakuft,tinukaf,tnukaf
ukuf,wukuf,,,,,,
amggaru,umggaru,imggura,imggura,tamggarut,tmggarut,timggura,tmggura
uguz,wuguz,,,,,,
,,ikʷlan,ikʷlan,,,,
amnid,umnid,imnidn,imnidn,,,,
amzizal,umzizal,,,,,,
!adrig,!udrig,,,,,,
uggug,wuggug,uggugn,wuggug,tuggugt,tuggugt,tuggugin,tuggugin
bibi,bibi,,,,,,
imnsi,imnsi,imnsawn,imnsawn,,,,
,,unnan,wunnan,,,,
anʁubu,unʁubu,,,,,,
,,,,!tazit,!tazit,,
aʕʃari,uʕʃari,,,,,,
aʒllabi,uʒllabi,iʒlluba,iʒlluba,taʒllabit,tʒllabit,tiʒlluba,tiʒlluba
!adad,!udad,!idudan,!idudan,!tadatt,!tdatt,!tidudin,!tdudin
,,,,tikki,tikki,,
!aʁrud,!uʁrud,!iʁrad,!iʁrad,!taʁrutt,!tʁrutt,!tiʁrad,!tʁrad
,,,,ttwilta,ttwilta,,
!amħħad,!umħħad,,,,,,
!attan,!wattan,,,,,,
!angaz,!ungaz,,,,,,
abldi,ubldi,,,,,,
aklulu,uklulu,,,,,,
amrmd,umrmd,,,,,,
aʁatir,uʁatir,,,,,,
,,,,taʁlaʁal,taʁlaʁal,,
amsluʁ,umsluʁ,imslaʁ,imslaʁ,tamsluʁt,tmsluʁt,timslaʁ,tmslaʁ
amsluχ,umsluχ,imslaχ,imslaχ,tamsluχt,tmsluχt,timslaχ,tmslaχ
asraj,usraj,israjn,israjn,,,,
angi,ungi,,,,,,
assfld,ussfld,,,,,,
asħssu,usħssu,isħssutn,isħssutn,,,,
!abbaʒ,!ubbaʒ,,,,,,
alqaʒ,ulqaʒ,,,,,,
arra,warra,arratn,warratn,,,tirra,tirra
535,,,,,,,
535,,,,,,,
!abrbur,!ubrbur,!ibrburn,!ibrburn,,,,
538,,,,,,,
aluffi,uluffi,iluffan,iluffan,,,,
!anzid,!wanzid,!anzidn,!wanzidn,,,,
afrmaʃ,ufrmaʃ,ifrmaʃn,ifrmaʃn,tafrmaʃt,tfrmaʃt,tifrmaʃin,tfrmaʃin
!asfud,!usfud,,,,,,
,,,,takrrajt,takrrajt,,
,,,,tiʁrsi,tiʁrsi,,
udum,wudum,,,,,,
abrraj,ubrraj,,,,,,
,,,,lksibt,lksibt,,
!amħdar,!umħdar,!imħdarn,!imħdarn,!tamħdart,!tmħdart,!timħdarin,!timħdarin
akssab,ukssab,ikssabn,ikssabn,takssabt,tkssabt,tikssabin,tikssabin
,,,,tuggugt,tuggugt,,
,,,,taʒʒajt,taʒʒajt,,
,,,,tamdajt,tmdajt,,
afruri,afruri,,,,,,
,,,,tuttla,tuttla,,
!azbar,!azbar,,,,,,
!azbbar,!azbbar,!izbbarn,!izbbarn,!tazbbart,!tzbbart,!tizbbarin,!tzbbarin
alkkawsu,ulkkawsu,ilkkuwsa,ilkkuwsa,talkkawsut,tlkkawsut,tilkkuwsa,tilkkuwsa
agʷnfrru,agʷnfrru,,,,,,
,,,,tardazt,tardazt,tardazin,tardazin
arqqas,urqqas,irqqasn,irqqasn,tarqqast,trqqast,tirqqasin,trqqasin
!anazum,!unazum,!inuzam,!inuzam,!tanazumt,!tnazumt,!tinuzam,!tinuzam
,,,,talmbχχrt,talmbχχrt,talmbχχrin,talmbχχrin
agrur,ugrur,igʷrar,igʷrar,tagrurt,tgrurt,tigʷrar,tgʷrar
afrag,ufrag,ifrgan,ifrgan,,,,
ifrig,ifrig,ifrgan,ifrgan,,,,
!agʷmmad,!ugʷmmad,,,,,,
arba,warba,arbatn,warbatn,tarbat,tarbat,tarbatin,tarbatin
arbi,urbi,irbatn,irbatn,tarbit,trbit,tirbatin,trbatin
azzan,wazzan,tazzant,tazzant,tazzant,tazzant,tazzant,tazzant
agsus,ugsus,igʷsas,igʷsas,,,,
arwass,urwass,,,,,,
asnaj,usnaj,,,,,,
abzzag,ubzzag,,,,,,
afna,ufna,,,,,,
annuʁʃf,unnuʁʃf,,,,,,
annurʃif,unnurʃif,innurʃifn,innurʃifn,tannurʃift,tnnurʃift,tinnurʃifin,tnnurʃifin
,,,,tagrwazt,tagrwazt,,
agurzu,agurzu,,,,,,
ifggig,ifggig,ifggign,ifggign,tifggigt,tfggigt,tifggigin,tfggigin
inifif,inifif,inififn,inififn,tinifift,tnifift,tinififin,tinififin
amlɦuf,umlɦuf,imlɦufn,imlɦufn,tamlɦuft,tmlɦuft,timlɦufin,tmlɦufin
!ammulz,!ummulz,,,,,,
ankʃum,unkʃum,,,,,,
akʃʃum,ukʃʃum,,,,,,
1270,,,,,,,
856,,,,,,,
,,,,,,,
!atmmaʕ,!utmmaʕ,!itmmaʕn,!tmmaʕt,!tatmmaʕt,!ttmmaʕt,!titmmaʕin,!ttmmaʕin
!asifd,!usifd,,,,,,
!udnaj,!wudnaj,!udnajn,!wudnajn,!tudnajt,!tudnajt,!tudnajin,!tudnajin
azuraj,uzuraj,izurajn,izurajn,tazurajt,tzurajt,tizurajin,tzurajin
,,,,tazuri,tzuri,,
517,,,,!taʁrutt,!tʁrutt,,
iʁir,jiʁir,iʁariwn,jiʁariwn,tiʁirt,tiʁirt,tiʁariwin,tʁariwin
,,,,tazlft,tazlft,tizlfin,tzlfin
,,,,tazlaft,tzlaft,tizlafin,tzlafin
!aʕttar,!aʕttar,!iʕttarn,!iʕttarn,!taʕttart,!tʕttart,!tiʕttarin,!tʕttarin
asnnan,usnnan,isnnann,isnnann,tasnnant,tsnnant,tisnnanin,tsnnanin
!azzlum,!azzlum,,,,,,
!akrrad,!ukrrad,!ikrradn,!ikrradn,!takrratt,!tkrratt,!tikrradin,!tkrradin
601,,,,,,,
azmz,uzmz,izmaz,izmaz,,,,
azraw,uzraw,,,,,,
!rrgg,!rrgg,!largug,!largug,,,,
,,imallajn,imallajn,,,,
aʁʷlil,uʁʷlil,iʁʷliln,iʁʷliln,,,,
ismg,ismg,ismgan,ismgan,,,,
aʁʷndaf,uʁʷndaf,iʁʷndafn,iʁʷndafn,taʁʷndaft,tʁʷndaft,tiʁʷndafin,tʁʷndafin
busskka,busskka,id busskka,id busskka,,,,
assufʁ,assufʁ,,,,,,
,,,,tisi,tisi,tisitin,tisitin
!amʕdub,!umʕdub,!amʕdub,!amʕdub,!amʕdub,!amʕdub,!amʕdub,!amʕdub
anʕdub,unʕdub,anʕdub,anʕdub,anʕdub,anʕdub,anʕdub,anʕdub
afsar,ufsar,,,,,,
amda,umda,imdwan,imdwan,tamda,tmda,timdwin,tmdwin
,,,,tigzuli,tigzuli,,
amsad,umsad,,,,,,
alluqʒu,ulluqʒu,,,,,,
aslaw,uslaw,,,,,,
agusmu,ugusmu,,,,,,
,,,,turddm,turddm,,
!amrruj,!umrruj,imrrujn,!imrrujn,,,,
!abrajʃ,!ubrajʃ,!ibrajʃn,!ibrajʃn,!tabrajʃt,!tbrajʃt,!tibrajʃin,!tbrajʃin
itri,jitri,itran,itran,titrit,titrit,titratin,titratin
,,,,ddɦaʃt,ddɦaʃt,,
,,,,taʁufi,tʁufi,tiʁufiwin,tʁufiwin
,,,,,,,
,,,,,,,
,,,,,,,
,,,,,,,
,,,,,,,
,,,,,,,
asufʁ,usufʁ,,,,,,
amzwug,amzwug,imzwag,imzwag,tamzwugt,tmzwugt,timzwag,tmzwag
376,,,,,,,
amʕgaz,umʕgaz,imʕgazn,imʕgazn,tamʕgazt,tmʕgazt,timʕgazin,tmʕgazin
asnuntf,usnuntf,,,,,,
addad,waddad,,,,,,
!anggad,!unggad,,,,,,
amslaw,umslaw,imslawn,imslawn,tamslawt,tmslawt,timslawin,tmslawin
azʕajti,uzʕajti,izʕajtin,izʕajtin,tazʕajtit,tzʕajtit,tizʕajtijin,tzʕajtijin
,,,,taʁzut,tʁzut,,
!aʒʒakrar,!uʒʒakrar,,,,,,
aggʷrn,uggʷrn,,,,,,
asummr,usummr,,,,,,
,,,,!rrmujt,!rrmujt,,
anmgar,unmgar,inmgarn,inmgarn,tanmgart,tnmgart,tinmgarin,tnmgarin
imgr,imgr,imgran,imgran,,,,
asmmawd,ysmmawd,ismmiwad,ismmiwad,tasmmawtt,tsmmawtt,tismmiwad,tsmmiwad
anfluk,unfluk,inflak,inflak,tanflukt,tnflukt,tinflak,tnflak
,,,,tamʁart,tmʁart,timʁarin,tmʁarin
,,,,tamaziʁt,tmaziʁt,timaziʁin,tmaziʁin
,,,,!lfrmt,!lfrmt,,
asttiʁ,usttiʁ,isttʁan,isttʁan,tasttiʁt,tsttiʁt,tisttʁin,tsttʁin
,,,,tuqqna,tuqqna,,
,,,,turgla,turgla,,
aqʒʒuħ,uqʒʒuħ,,,,,,
aħʃtaw,uħʃtaw,,,,,,
!afrad,!ufrad,,,,,,
afraw,ufraw,ifrawn,ifrawn,,,,
!abrwag,!abrwag,,,,,,
664,,,,,,,
abaw,ubaw,ibawn,ibawn,tabawt,tbawt,tibawin,tbawin
isli,isli,islan,islan,tislit,tslit,tislatin,tslatin
,,,,!tazrzit,!tzrzit,!tizrzaj,!tzrzaj
,,iχχan,iχχan,,,,
aqurri,aqurri,,,,,,
akkʷrmis,akkʷrmis,,,,,,
abuzzig,abuzzig,,,,,,
azar,wazar,azarn,wazarn,tazart,tazart,tazarin,tazarin
671,,,,,,,
aknari,uknari,,,taknarit,tknarit,tiknarijin,tknarijin
ifili,ifili,ifalan,ifalan,tifilit,tfilit,tifalatin,tfalatin
,,,,tilmi,tilmi,,
,,,,,,tillmin,tillmin
,,,,tastajt,tstajt,tistajin,tstajin
usdid,usdid,,,,,,
,,,,tigira,tigira,,
,,,,,,,
,,,,,,,
aʒddig,uʒddig,iʒddign,iʒddign,taʒddigt,tʒddigt,tiʒddigin,tʒddigin
aʒʒig,uʒʒig,iʒʒign,iʒʒign,taʒʒigt,tʒʒigt,tiʒʒigin,tʒʒigin
asif,wasif,isafn,isafn,,,,
asdasi,usdasi,isdasin,isdasin,tasdasit,tsdasit,tisdasin,tsdasin
,,,,tasa,tasa,taswin,taswin
aχχlu,uχχlu,,,,,,
anufl,unufl,,,,,,
alim,walim,ilamn,jilamn,,,,
afssaj,ufssaj,,,,,,
,,,,tagant,tagant,taganin,taganin
!anud,!wanud,!unad,!wunad,!anutt,!tanutt,!tunad,!tunad
amzil,umzil,imziln,imziln,tamzilt,tmzilt,timzilin,tmzilin
!agʷdi,!ugʷdi,!igʷdjan,!igʷdjan,!tagʷdit,!tgʷdit,!tigʷdjin,!tgʷdjin
amχlaw,umχlaw,imχlawn,imχlaw,tamχlawt,tmχlawt,timχlawin,tmχlawin
anafal,unafal,inafaln,inafaln,tanafalt,tnafalt,tinafalin,tnafalin
azfl,uzfl,izflan,izflan,tazflt,tzflt,tizflin,tzflin
!afrran,!ufrran,!ifrrann,!ifrrann,!tafrrant,!tfrrant,!tifrranin,!tfrranin
afarnu,ufarnu,ifurna,ifurna,tafarnut,tfarnut,tifurna,tfurna
,,,,tazrt,tazrt,tizar,tizar
,,,,taʁruʃt,tʁruʃt,tiʁuraʃ,tʁuraʃ
aʃawʃ,uʃawʃ,iʃiwaʃ,iʃiwaʃ,taʃawʃt,tʃawʃt,tiʃiwaʃ,tʃiwaʃ
abawʃ,ubawʃ,ibiwaʃ,ibiwaʃ,tabawʃt,tbawʃt,tibiwaʃ,tbiwaʃ
!udfi,!wudfi,!udfan,!wudfan,!tudfit,!tudfit,!tudfin,!tudfin
aʒwaj,aʒwaj,,,,,,
,,,,!tirzi,!tirzi,,
amrzu,umrzu,imrzan,imrzan,tamrzut,tmrzut,timrzin,tmrzin
azuzwu,azuzwu,,,,,,
,,,,tawnza,twnza,tiwnziwin,twnziwin
!azag,!uzag,!izagʷn,!izagʷn,,,,
agamrru,ugamrru,igumrra,igumrra,,,,
akʷrram,ukʷrram,,,,,,
!asmmid,!usmmid,!ismdan,!ismdan,,,,
ildi,ildi,ildjan,ildjan,,,,
ignzi,ignzi,ignziwn,ignziwn,,,,
ammas,wammas,,,,,,
aħukku,uħukku,iħukkutn,iħukkutn,taħukkut,tħukkut,tiħukkutin,tħukkutin
ablʁuʃ,ublʁuʃ,iblʁaʃ,iblʁaʃ,tablʁuʃt,tblʁuʃt,tiblʁaʃ,tiblʁaʃ
,,,,tarula,trula,,
akmmaj,ukmmaj,ikmmajn,ikmmajn,takmmajt,tkmmajt,tikmmajin,tkmmajin
amkajfi,umkajfi,imkajfin,imkajfin,tamkajfit,tmkajfit,timkajfijin,tmkajfijin
asbajsi,usbajsi,isbajsin,isbajsin,tasbajsit,tsbajsit,tisbajsijin,tsbajsijin
amazir,imazir,imzran,imzran,,,,
!izdi,!izdi,!izdjan,!izdjan,!izdit,!tzdit,!tizdjan,!tzdjan
!amʃttr,!umʃttr,!imʃttrn,!imʃttrn,!tamʃttrt,!tmʃttrt,!timʃttrin,!tmʃttrin
amrwl,umrwl,imrwal,imrwal,tamrwlt,tmrwlt,timrwal,tmrwal
askarkaz,uskarkaz,iskarkazn,iskarkazn,taskarkazt,tskarkazt,tiskarkazin,tskarkazin
amssggar,umssggar,imssggarn,imssggarn,,,,
,,,,!tagʷrist,!tgʷrist,!tigʷrisin,!tgʷrisin
,,,,tuʁrift,tuʁrift,tuʁrifin,ttuʁrifin
awlal,uwlal,iwlaln,iwlaln,,,,
afruχ,ufruχ,ifrχan,ifrχan,tafruχt,tfruχt,tifrχin,tfrχin
aʕjjal,uʕjjal,iʕjjaln,iʕjjaln,taʕjjalt,tʕjjalt,tiʕjjalin,tʕjjalin
!tidaf,!tidaf,,,,,,
aʕssas,uʕssas,iʕssasn,iʕssasn,taʕssast,tʕssast,tiʕssasin,tʕssasin
andaf,undaf,indafn,indafn,tandaft,tndaft,tindafin,tndafin
adaf,wadaf,,,,,,
amazzal,umazzal,imazzaln,imazzaln,tamazzalt,tmazzalt,timazzalin,tmazzalin
!azwaj,!uzwaj,!izwajn,!izwajn,,,,
!amzwaj,!umzwaj,!imzwajn,!imzwajn,!tamzwajt,!tmzwajt,!timzwajin,!tmzwajin
!aznkʷd,!uznkʷd,!iznkʷad,!iznkʷad,!taznkʷtt,!tznkʷtt,!tiznkʷad,!tznkʷad
afar,wafar,,,,,,
!adggʷal,!udggʷal,!idulan,!idulan,!tadggʷalt,!tdggʷalt,,
,,,,tannukmut,tnnukmut,,
afud,ufud,ifaddn,ifaddn,tafutt,tfutt,tifaddin,tfaddin
amadaʁ,umadaʁ,imadaʁn,imadaʁn,tamadaʁt,tmadaʁt,timadaʁin,tmadaʁin
affursl,uffursl,iffursal,iffursal,taffurslt,tffurslt,tiffursal,tffursal
747,,,,,,,
aɦakur,uɦakur,iɦukar,iɦukar,taɦakurt,tɦakurt,tiɦukar,tɦukar
!admmil,!udmmil,!idmmiln,!idmmiln,!tadmmilt,!tdmmilt,!tidmmilin,!tdmmilin
amrriq,umrriq,imrriqn,imrriqn,tamrriqt,tmrriqt,timrriqin,tmrriqin
!atbbil,!utbbil,!itbbiln,!itbbiln,!tatbbilt,!ttbbilt,!titbbilin,!ttbbilin
akʷba,ukʷba,ikʷbatn,ikʷbatn,,,,
,,,,tigri,tgri,,
amgru,umgru,imgra,imgra,tamgrut,tmgrut,timgra,tmgra
imgri,imgri,imgran,imgran,timgrit,tmgrit,timgrin,tmgrin
alʁʷrraf,ulʁʷrraf,ilʁʷafn,ilʁʷafn,talʁʷrraft,tlʁʷrraft,tilʁʷafin,tlʁʷafin
,,,,!tifizza,!ttfizza,,
,,,,taqqajt,taqqajt,taqqajin,taqqajin
agʷmim,ugmim,igʷmimn,igʷmimn,tagʷmimt,tgʷmimt,tigʷmimin,tgʷmimin
ugmimt,wugmim,ugmimn,wugmimn,tugmimt,tugmimt,tugmimin,tugmimin
761,,,,,,,
agllus,ugllus,igʷllas,igʷllas,tagllust,tgllust,tigʷllas,tgʷllas
imqqi,imqqi,imqqa,imqqa,timqqit,tmqqit,timqqa,tmqqa
,,,,tasaddamt,tsaddamt,tisaddamin,tsaddamin
,,,,!taznit,!tznit,!tiznin,!tznin
aqqa,waqqa,aqqajn,waqqajn,taqqat,taqqat,taqqajin,taqqajin
,,urkimn,urkimn,,,,
,,,,,,tirufin,trufin
,,,,tadunt,tadunt,,
asddul,usddul,isddal,isddal,tasddult,tsddult,tisddal,tsddal
ɦrrandu,ɦrrandu,id ɦrrandu,id ɦrrandu,,,,
aduħan,uduħan,iduħann,iduħann,taduħant,tduħant,tiduħanin,tduħanin
iʃnbi,iʃnbi,iʃnba,iʃnba,tiʃnbit,tʃnbit,tiʃnba,tʃnba
issgni,issgni,issgna,issgna,tissgnit,tssgnit,tissgna,tssgna
iχibi,iχibi,iχibitn,iχibitn,tiχibit,tχibi,tiχibitin,iχibitin
aʁruʃ,uʁruʃ,iʁʷraʃ,iʁrʷaʃ,taʁruʃt,tʁruʃt,tiʁʷraʃ,tʁrʷaʃ
704,,,,,,,
ibrgmmi,ibrgmmi,ibrgmmitn,ibrgmmitn,,,,
afala,ufala,ifalatn,ifalatn,tafala,tfala,tifalatin,tfalatin
,,,,taʁrart,taʁrart,,
,,,,tiʁzi,tiʁzi,,
akʷmmaz,ukʷmmaz,ikʷmmazn,ikʷmmazn,,,,
agadir,ugadir,igudar,igudar,tagadirt,tgadirt,tigudar,tgudar
agru,ugru,igʷra,igʷra,,,,
!ikizzi,!ikizzi,!ikazzan,!ikazzan,,,,
786,,,,,,,
akajja,ukajja,ikajjatn,ikajjatn,takajjat,tkajjat,tikajjatin,tkajjatin
aka,waka,akatn,wakatn,,,,
!adnaj,!udnaj,!idnajn,!idnajn,!tadnajt,!ddnajt,!tidnajin,!ddnajin
!aʃfri,!uʃfri,!iʃfraj,!iʃfraj,,,,
704,,,,,,,
764,,,,,,,
abbankik,ubbankik,ibbankikn,ibbankikn,,,,
ifrsi,ifrsi,ifrsaj,ifrsaj,tifrsit,tfrsit,tifrsaj,trsaj
ifri,ifri,ifran,ifran,tifrit,tfrit,tifrin,tfrin
!akabar,!ukabar,!ikabarn,!ikabarn,,,,
asaka,usaka,isakatn,isakatn,,,,
amdaj,umdaj,imdajn,imdajn,,,,
aχmum,uχmum,iχmʷam,iχmʷam,taχmumt,tχmumt,tiχmʷam,tχmʷam
agamum,ugamum,igumam,igumam,tagamumt,tgamumt,tigumam,tgumam
aqʃʃab,uqʃʃab,iqʃʃban,iqʃʃban,taqʃʃabt,tqʃʃabt,tiqʃʃbin,tqʃʃbin
amzdaʁ,umzdaʁ,imzdaʁn,imzdaʁn,tamzdaʁt,tmzdaʁt,timzdaʁin,tmzdaʁin
,,,,tuzdʁt,tuzdʁt,,
,,,,timlsit,tmlsit,,
,,,,tamjurt,tamjurt,,
anmjur,unmjur,inmjurn,inmjurn,tanmjurt,tnmjurt,tinmjurin,tnmjurin
aʃaqqur,uʃaqqur,iʃuqqar,iʃuqqar,taʃaqqurt,tʃaqqurt,tiʃuqqar,tʃuqqar
aħajk,uħajk,iħujak,iħujak,taħajkt,tħajkt,tiħujak,tħujak
!adwwar,!udwwar,!idwwarn,!idwwarn,!tadwwart,!tdwwart,!tidwwarin,!tdwwarin
,,,,,,,
,,,,,,,
,,,,,,,
,,,,,,,
,,,,,,,
,,,,,,,
,,,,,,,
,,,,,,,
,,,,,,,
,,,,,,,
,,,,,,,
,,,,,,,
,,,,,,,
,,,,,,,
,,,,,,,
,,,,,,,
,,,,,,,
,,,,,,,
,,,,,,,
,,,,,,,
,,,,,,,
,,,,,,,
,,,,,,,
,,,,,,,
,,,,,,,
,,,,,,,
,,,,,,,
,,,,,,,
,,,,,,,
,,,,,,,
,,,,,,,
,,,,,,,
,,,,,,,
,,,,,,,
,,,,,,,
,,,,,,,
,,,,,,,
,,,,,,,
,,,,,,,
,,,,,,,
,,,,,,,
,,,,,,,
,,,,,,,
,,,,,,,
,,,,,,,
,,,,,,,
,,,,,,,
,,,,,,,
,,,,,,,
,,,,,,,
,,,,,,,
,,,,,,,
,,,,,,,
,,,,,,,
,,,,,,,
,,,,,,,
,,,,,,,
,,,,,,,
,,,,,,,
,,,,,,,
,,,,,,,
,,,,,,,
,,,,,,,
,,,,,,,
,,,,,,,
,,,,,,,
,,,,,,,
,,,,,,,
,,,,,,,
,,,,,,,
,,,,,,,
,,,,,,,
,,,,,,,
,,,,,,,
,,,,,,,
,,,,,,,
,,,,,,,
,,,,,,,
,,,,,,,
,,,,,,,
,,,,,,,
,,,,,,,
,,,,,,,
,,,,,,,
,,,,,,,
,,,,,,,
,,,,,,,
,,,,,,,
,,,,,,,
,,,,,,,
,,,,,,,
,,,,,,,
,,,,,,,
,,,,,,,
,,,,,,,
,,,,,,,
,,,,,,,
,,,,,,,
,,,,,,,
,,,,,,,
,,,,,,,
,,,,,,,
,,,,,,,
,,,,,,,
,,,,,,,
,,,,,,,
,,,,,,,
,,,,,,,
,,,,,,,
,,,,,,,
,,,,,,,
,,,,,,,
,,,,,,,
,,,,,,,
,,,,,,,
,,,,,,,
,,,,,,,
,,,,,,,
,,,,,,,
,,,,,,,
,,,,,,,
,,,,,,,
,,,,,,,
,,,,,,,
,,,,,,,
,,,,,,,
,,,,,,,
,,,,,,,
,,,,,,,
,,,,,,,
,,,,,,,
,,,,,,,
,,,,,,,
,,,,,,,
,,,,,,,
,,,,,,,
,,,,,,,
,,,,,,,
,,,,,,,
,,,,,,,
,,,,,,,
,,,,,,,
,,,,,,,
,,,,,,,
,,,,,,,
,,,,,,,
,,,,,,,
,,,,,,,
,,,,,,,
,,,,,,,
,,,,,,,
,,,,,,,
,,,,,,,
,,,,,,,
,,,,,,,
,,,,,,,
,,,,,,,
,,,,,,,
,,,,,,,
,,,,,,,
,,,,,,,
,,,,,,,
,,,,,,,
,,,,,,,
,,,,,,,
,,,,,,,
,,,,,,,
,,,,,,,
,,,,,,,
,,,,,,,
,,,,,,,
,,,,,,,
,,,,,,,
,,,,,,,
,,,,,,,
,,,,,,,
,,,,,,,
,,,,,,,
,,,,,,,
,,,,,,,
,,,,,,,
,,,,,,,
,,,,,,,
,,,,,,,
,,,,,,,
,,,,,,,
,,,,,,,
,,,,,,,
,,,,,,,
,,,,,,,
,,,,,,,
,,,,,,,
,,,,,,,
,,,,,,,
,,,,,,,
,,,,,,,
,,,,,,,
,,,,,,,
,,,,,,,
,,,,,,,
,,,,,,,
,,,,,,,
,,,,,,,
,,,,,,,
,,,,,,,
,,,,,,,
,,,,,,,
,,,,,,,
,,,,,,,
,,,,,,,
,,,,,,,
,,,,,,,
,,,,,,,
,,,,,,,
,,,,,,,
,,,,,,,
,,,,,,,
,,,,,,,
,,,,,,,
,,,,,,,
,,,,,,,
,,,,,,,
,,,,,,,
,,,,,,,
,,,,,,,
,,,,,,,
,,,,,,,
,,,,,,,
,,,,,,,
,,,,,,,
,,,,,,,
,,,,,,,
,,,,,,,
,,,,,,,
,,,,,,,
,,,,,,,
,,,,,,,
,,,,,,,
,,,,,,,
,,,,,,,
,,,,,,,
,,,,,,,
,,,,,,,
,,,,,,,
,,,,,,,
,,,,,,,
,,,,,,,
,,,,,,,
,,,,,,,
,,,,,,,
,,,,,,,
,,,,,,,
,,,,,,,
,,,,,,,
,,,,,,,
,,,,,,,
,,,,,,,
,,,,,,,
,,,,,,,
,,,,,,,
,,,,,,,
,,,,,,,
,,,,,,,
,,,,,,,
,,,,,,,
,,,,,,,
,,,,,,,
,,,,,,,
,,,,,,,
,,,,,,,
,,,,,,,
,,,,,,,
,,,,,,,
,,,,,,,
,,,,,,,
,,,,,,,
,,,,,,,
,,,,,,,
,,,,,,,
,,,,,,,
,,,,,,,
,,,,,,,
,,,,,,,
,,,,,,,
,,,,,,,
,,,,,,,
,,,,,,,
,,,,,,,
,,,,,,,
,,,,,,,
,,,,,,,
,,,,,,,
,,,,,,,
,,,,,,,
,,,,,,,
,,,,,,,
,,,,,,,
,,,,,,,
,,,,,,,
,,,,,,,
,,,,,,,
,,,,,,,
,,,,,,,
,,,,,,,
,,,,,,,
,,,,,,,
,,,,,,,
,,,,,,,
,,,,,,,
,,,,,,,
,,,,,,,
,,,,,,,
,,,,,,,
,,,,,,,
,,,,,,,
,,,,,,,
,,,,,,,
,,,,,,,
,,,,,,,
,,,,,,,
,,,,,,,
,,,,,,,
,,,,,,,
,,,,,,,
,,,,,,,
,,,,,,,
,,,,,,,
,,,,,,,
,,,,,,,
,,,,,,,
,,,,,,,
,,,,,,,
,,,,,,,
,,,,,,,
,,,,,,,
,,,,,,,
,,,,,,,
,,,,,,,
,,,,,,,
,,,,,,,
,,,,,,,
,,,,,,,
,,,,,,,
,,,,,,,
,,,,,,,
,,,,,,,
,,,,,,,
,,,,,,,
,,,,,,,
,,,,,,,
,,,,,,,
,,,,,,,
,,,,,,,
,,,,,,,
,,,,,,,
,,,,,,,
,,,,,,,
,,,,,,,
,,,,,,,
,,,,,,,
,,,,,,,
,,,,,,,
,,,,,,,
,,,,,,,
,,,,,,,
,,,,,,,
,,,,,,,
,,,,,,,
,,,,,,,
,,,,,,,
,,,,,,,
,,,,,,,
,,,,,,,
,,,,,,,
,,,,,,,
,,,,,,,
,,,,,,,
,,,,,,,
,,,,,,,
,,,,,,,
,,,,,,,
,,,,,,,
,,,,,,,
,,,,,,,
,,,,,,,
,,,,,,,
,,,,,,,
,,,,,,,
,,,,,,,
,,,,,,,
,,,,,,,
,,,,,,,
,,,,,,,
,,,,,,,
,,,,,,,
,,,,,,,
,,,,,,,
,,,,,,,
,,,,,,,
,,,,,,,
,,,,,,,
,,,,,,,
,,,,,,,
,,,,,,,
,,,,,,,
,,,,,,,
,,,,,,,
,,,,,,,
,,,,,,,
,,,,,,,
,,,,,,,
,,,,,,,
,,,,,,,
,,,,,,,
,,,,,,,
,,,,,,,
,,,,,,,
,,,,,,,
,,,,,,,
,,,,,,,
,,,,,,,
,,,,,,,
,,,,,,,
,,,,,,,
,,,,,,,
,,,,,,,
,,,,,,,
,,,,,,,
,,,,,,,
,,,,,,,
,,,,,,,
,,,,,,,
,,,,,,,
,,,,,,,
,,,,,,,
,,,,,,,
,,,,,,,
,,,,,,,
,,,,,,,
,,,,,,,
,,,,,,,
,,,,,,,
,,,,,,,
,,,,,,,
,,,,,,,
,,,,,,,
,,,,,,,
,,,,,,,
,,,,,,,
,,,,,,,
,,,,,,,
,,,,,,,
,,,,,,,
,,,,,,,
,,,,,,,
,,,,,,,
,,,,,,,
,,,,,,,
,,,,,,,
aqwwad,uqwwad,iqwwadn,iqwwadn,taqwwatt,tqwwatt,tiqwwadin,tqwwadin
1270,,,,,,,
,,,,,,,
,,,,,,,
,,,,,,,
,,,,,,,
,,,,,,,
,,,,,,,
,,,,,,,
,,,,,,,
,,,,,,,
,,,,,,,
,,,,,,,
,,,,,,,
,,,,,,,
,,,,,,,
,,,,,,,
,,,,,,,
,,,,,,,
,,,,,,,
,,,,,,,
,,,,,,,
,,,,,,,
,,,,,,,
,,,,,,,
,,,,,,,
,,,,,,,
,,,,,,,
,,,,,,,
,,,,,,,
,,,,,,,
,,,,,,,
,,,,,,,
,,,,,,,
,,,,,,,
,,,,,,,
,,,,,,,
,,,,,,,
,,,,,,,
,,,,,,,
,,,,,,,
,,,,,,,
,,,,,,,
,,,,,,,
,,,,,,,
abaʁuʁ,ubaʁuʁ,tibuʁaʁ,tbuʁaʁ,tabaʁuʁt,tbaʁuʁt,tibuʁaʁ,tbuʁaʁ
almuggar,ulmuggar,ilmuggarn,ilmuggarn,,,,
,,,,tirmt,tirmt,tiram,tiram
,,,,,,,
,,,,,,,
,,,,,,,
,,,,,,,
,,,,,,,
,,,,,,,
,,,,,,,
,,,,,,,
,,,,,,,
,,,,,,,
,,,,,,,
,,,,,,,
,,,,,,,
,,,,,,,
,,,,,,,
,,,,,,,
,,,,,,,
,,,,,,,
,,,,,,,
,,,,,,,
,,,,,,,
,,,,,,,
,,,,,,,
,,,,,,,
,,,,,,,
,,,,,,,
,,,,,,,
,,,,,,,
,,,,,,,
,,,,,,,
,,,,,,,
,,,,,,,
,,,,,,,
,,,,,,,
,,,,,,,
,,,,,,,
,,,,,,,
,,,,,,,
,,,,,,,
,,,,,,,
,,,,,,,
,,,,,,,
,,,,,,,
,,,,,,,
,,,,,,,
,,,,,,,
,,,,,,,
,,,,,,,
,,,,,,,
,,,,,,,
,,,,,,,
,,,,,,,
,,,,,,,
,,,,,,,
,,,,,,,
,,,,,,,
,,,,,,,
,,,,,,,
,,,,,,,
,,,,,,,
,,,,,,,
,,,,,,,
,,,,,,,
,,,,,,,
,,,,,,,
,,,,,,,
,,,,,,,
,,,,,,,
,,,,,,,
,,,,,,,
,,,,,,,
,,,,,,,
,,,,,,,
,,,,,,,
,,,,,,,
,,,,,,,
,,,,,,,
,,,,,,,
,,,,,,,
,,,,,,,
,,,,,,,
,,,,,,,
,,,,,,,
,,,,,,,
,,,,,,,
,,,,,,,
,,,,,,,
,,,,,,,
,,,,,,,
,,,,,,,
,,,,,,,
,,,,,,,
,,,,,,,
,,,,,,,
,,,,,,,
,,,,,,,
,,,,,,,
,,,,,,,
,,,,,,,
,,,,,,,
,,,,,,,
,,,,,,,
,,,,,,,
,,,,,,,
,,,,,,,
,,,,,,,
,,,,,,,
,,,,,,,
,,,,,,,
,,,,,,,
,,,,,,,
,,,,,,,
,,,,,,,
,,,,,,,
,,,,,,,
,,,,,,,
,,,,timit,timit,timitin,timitin
,,,,,,,
,,,,,,,
,,,,,,,
,,,,,,,
,,,,,,,
,,,,,,,
,,,,,,,
,,,,,,,
,,,,,,,
,,,,,,,
,,,,,,,
,,,,,,,
,,,,,,,
,,,,,,,
,,,,,,,
,,,,,,,
,,,,,,,
,,,,,,,
,,,,,,,
,,,,,,,
,,,,,,,
,,,,,,,
,,,,,,,
,,,,,,,
,,,,,,,
,,,,,,,
,,,,,,,
,,,,,,,
,,,,,,,
,,,,,,,
,,,,,,,
,,,,,,,
,,,,,,,
,,,,,,,
,,,,,,,
,,,,,,,
,,,,,,,
,,,,,,,
,,,,,,,
,,,,,,,
,,,,,,,
,,,,,,,
,,,,,,,
,,,,,,,
,,,,,,,
,,,,,,,
,,,,,,,
,,,,,,,
,,,,,,,
,,,,,,,
,,,,,,,
,,,,,,,
,,,,,,,
,,,,,,,
,,,,,,,
,,,,,,,
,,,,,,,
,,,,,,,
,,,,,,,
,,,,,,,
,,,,,,,
,,,,,,,
,,,,,,,
,,,,,,,
,,,,,,,
,,,,,,,
,,,,,,,
,,,,,,,
,,,,,,,
,,,,,,,
,,,,,,,
,,,,,,,
,,,,,,,
,,,,,,,
,,,,,,,
,,,,,,,
,,,,,,,
,,,,,,,
,,,,,,,
,,,,,,,
,,,,,,,
aχddam,uχddam,iχddamn,iχddamn,taχddamt,tχddamt,tiχddamin,tiχddamin
azzgr,uzzgr,,,,,,