Order,Text_title,sound,morphemes,Gloss,Category
1.0,lm3rof,mrħbabik,[mrħbabik],[welcome to you],
2.0,lm3rof,a,[a],[Voc],
3.0,lm3rof,jamʁar,[a-mʁar],[MSFS-Community leader],N
4.0,lm3rof,New_Sentence,New_Sentence,New_Sentence,
5.0,lm3rof,sttausttin,[stta u sttin],[sixty six],
6.0,lm3rof,mrħba,[mrħba],[welcome],
7.0,lm3rof,New_Sentence,New_Sentence,New_Sentence,
8.0,lm3rof,hann,[ha-nn],[presentative-deic],
9.0,lm3rof,l!mʕrof,[l-!mʕrof],[MS:slaughter],N
10.0,lm3rof,iga,[i-ga],[3MS-be:pf],V
11.0,lm3rof,wink,[w-in-k],[PossPron:M/2MS],
12.0,lm3rof,New_Sentence,New_Sentence,New_Sentence,
13.0,lm3rof,taqbilt,[t-a-qbil-t],[FSFS:tribe],N
14.0,lm3rof,tga,[t-ga],[3FS-be:pf],V
15.0,lm3rof,tink,[t-in-k],[PossPron:F/2MS],
16.0,lm3rof,New_Sentence,New_Sentence,New_Sentence,
17.0,lm3rof,ag,[ad],[AD:Comp],
18.0,lm3rof,gik,[gi-k],[in-2MS],
19.0,lm3rof,ig,[i-g],[3MS-be:aor],V
20.0,lm3rof,!rbbi,[!rbbi],[MS:God],N
21.0,lm3rof,l!baraka,[l-!baraka],[FS:benediction],N
22.0,lm3rof,New_Sentence,New_Sentence,New_Sentence,
23.0,lm3rof,awa,[awa],[so],
24.0,lm3rof,a,[a],[Voc],
25.0,lm3rof,gwma,[gwma],[MS:Brother],N
26.0,lm3rof,lʒmaʕt,[l-ʒmaʕ-t],[FS:community],N
27.0,lm3rof,ula,[ula],[as well as],
28.0,lm3rof,taqbilt,[ta-qbil-t],[FSFS:tribe],N
29.0,lm3rof,ħtta,[ħtta],[too],
30.0,lm3rof,nttat,[nttat],[her],
31.0,lm3rof,hati,[hati],[actually],
32.0,lm3rof,fulkint,[fulki-nt],[be pretty:pf-3FP],V
33.0,lm3rof,New_Sentence,New_Sentence,New_Sentence,
34.0,lm3rof,ʁrsat,[ʁrs-at],[slay:Imper-2MP],V
35.0,lm3rof,i,[i],[to],
36.0,lm3rof,jχfawn,[iχf-awn],[MP-sheep],N
37.0,lm3rof,ann,[a-nn],[DemDet-Deic:that],
38.0,lm3rof,New_Sentence,New_Sentence,New_Sentence,
39.0,lm3rof,!arajat,[!ara-at],[give:Imper2MP],V
40.0,lm3rof,aħuli,[a-ħuli],[MSFS-ram],N
41.0,lm3rof,nna,[nna],[DemDet:That],
42.0,lm3rof,New_Sentence,New_Sentence,New_Sentence,
43.0,lm3rof,ʁrsat,[ʁrs-at],[slay:Imper-2MP],V
44.0,lm3rof,as,[a-s],[dat:3MS],
45.0,lm3rof,tʁrsm,[t-ʁrs-m],[2-slay:aor-MP],V
46.0,lm3rof,d,[d],[deic],
47.0,lm3rof,i,[i],[to],
48.0,lm3rof,w!kntur,[u-!kntur],[MSCS-goat],N
49.0,lm3rof,nna,[nna],[DemDet:That],
50.0,lm3rof,New_Sentence,New_Sentence,New_Sentence,
51.0,lm3rof,hati,[hati],[really],
52.0,lm3rof,iʒʒi,[i-ʒʒi],[3MS-be fleshy:pf],V
53.0,lm3rof,ʃwija,[ʃwija],[slightly],
54.0,lm3rof,New_Sentence,New_Sentence,New_Sentence,
55.0,lm3rof,ssnwujat,[ss-nwu-at],[Caus-cook:Imper-2MP],V
56.0,lm3rof,imik,[imik],[some],
57.0,lm3rof,l,[n],[of],
58.0,lm3rof,l!fdur,[l-!fdur],[MS:breakfast],N
59.0,lm3rof,i,[i],[to],
60.0,lm3rof,wmʁar,[u-mʁar],[MSCS-Community leader],N
61.0,lm3rof,New_Sentence,New_Sentence,New_Sentence,
62.0,lm3rof,zzwurat,[ss-zwur-at],[Caus-precede:Imper-2MP],V
63.0,lm3rof,t,[t],[Obj:3MS],
64.0,lm3rof,New_Sentence,New_Sentence,New_Sentence,
65.0,lm3rof,ahja,[ahja],[Interj:Hey you!],
66.0,lm3rof,New_Sentence,New_Sentence,New_Sentence,
67.0,lm3rof,fkat,[fk-at],[give:Imper-2MP],V
68.0,lm3rof,!ttʕam,[!l-tʕam],[MS:food],N
69.0,lm3rof,bʕda,[bʕda],[first],
70.0,lm3rof,i,[i],[to],
71.0,lm3rof,middn,[middn],[MP:people],N
72.0,lm3rof,ann,[a-nn],[DemDet:Deic:that],
73.0,lm3rof,New_Sentence,New_Sentence,New_Sentence,
74.0,lm3rof,hati,[hati],[actually],
75.0,lm3rof,gan,[ga-n],[be:pf-3MP],V
76.0,lm3rof,i!brranijn,[i-!brrani-jn],[MPFS-stranger],N
77.0,lm3rof,New_Sentence,New_Sentence,New_Sentence,
78.0,lm3rof,fkat,[fk-at],[give:Imper-2MP],V
79.0,lm3rof,asn,[a-sn],[dat:3MP],
80.0,lm3rof,si,[sin],[two:M],N
81.0,lm3rof,jrukutn,[i-ruku-tn],[MPCS-plate],V
82.0,lm3rof,New_Sentence,New_Sentence,New_Sentence,
83.0,lm3rof,mrħba,[mrħba],[welcome],
84.0,lm3rof,a,[a],[Voc],
85.0,lm3rof,tagwmatt,[ta-gwma-tt],[FSFS:brotherhood],N
86.0,lm3rof,New_Sentence,New_Sentence,New_Sentence,
87.0,lm3rof,kwnni,[kwnni],[you:MP],
88.0,lm3rof,tgam,[t-ga-m],[2-be:pf-MP],V
89.0,lm3rof,i!brranijn,[i-!brrani-jn],[MPFS-foreigner],N
90.0,lm3rof,New_Sentence,New_Sentence,New_Sentence,
91.0,lm3rof,ʃʃat,[ʃʃ-at],[eat:Imper-2MP],V
92.0,lm3rof,New_Sentence,New_Sentence,New_Sentence,
93.0,lm3rof,ifka,[i-fka],[3MS-give:pf],V
94.0,lm3rof,!rbbi,[!rbbi],[MS:God],N
95.0,lm3rof,l!χir,[l-!χir],[heavenly manna],N
96.0,lm3rof,New_Sentence,New_Sentence,New_Sentence,
97.0,lm3rof,fkat,[fk-at],[give:Imper-2MP],V
98.0,lm3rof,i,[i],[to],
99.0,lm3rof,ʁwid,[ʁ-wi-d],[DemPron:MP-deic:These],
100.0,lm3rof,!jadnin,[!jadnin],[other],
101.0,lm3rof,New_Sentence,New_Sentence,New_Sentence,
102.0,lm3rof,ahja,[ahja],[Interj:Hey you!],
103.0,lm3rof,bab,[bab],[MS:owner],N
104.0,lm3rof,n,[n],[of],
105.0,lm3rof,uχidus,[u-χidus],[MSCS-burnous],N
106.0,lm3rof,a,[a-d],[DemDet-Deic:this],
107.0,lm3rof,kiji,[kiji],[you:MS],
108.0,lm3rof,New_Sentence,New_Sentence,New_Sentence,
109.0,lm3rof,uχχr,[uχχr],[move back:Imper:2S],V
110.0,lm3rof,a,[a],[Voc],
111.0,lm3rof,!darat,[!darat],[backward],N
112.0,lm3rof,New_Sentence,New_Sentence,New_Sentence,
113.0,lm3rof,!zriχ,[!zri-ʁ],[see:pf-1S],V
114.0,lm3rof,k,[k],[Obj:2MS],
115.0,lm3rof,aʁar,[aʁar],[just],
116.0,lm3rof,ar,[ar],[AR],
117.0,lm3rof,tʃttat,[t-ʃtta-t],[2-eat:Impf-S],V
118.0,lm3rof,New_Sentence,New_Sentence,New_Sentence,
119.0,lm3rof,wah,[wah],[interj:oh],
120.0,lm3rof,uχχr,[uχχr],[move back:Imper:2S],V
121.0,lm3rof,s,[s],[to],
122.0,lm3rof,ʁi,[ʁi],[here],
123.0,lm3rof,New_Sentence,New_Sentence,New_Sentence,
124.0,lm3rof,a!llah,[a!llah],[O Allah],N
125.0,lm3rof,awddi,[awddi],[awddi],
126.0,lm3rof,mani,[mani],[where],
127.0,lm3rof,ʁ,[ʁ],[in],
128.0,lm3rof,ʒʒu,[ʒʒu],[never],
129.0,lm3rof,ʃʃiʁ,[ʃʃi-ʁ],[eat:pf-1S],V
130.0,lm3rof,New_Sentence,New_Sentence,New_Sentence,
131.0,lm3rof,uχχr,[uχχr],[move back:Imper:2S],V
132.0,lm3rof,awa,[awa],[so],
133.0,lm3rof,at,[ad],[AD:Comp],
134.0,lm3rof,tdrut,[t-dru-t],[2S-share food:ao-2S],V
135.0,lm3rof,d,[d],[with],
136.0,lm3rof,ʁwi,[ʁ-wi],[DemPron:MP:these],
137.0,lm3rof,New_Sentence,New_Sentence,New_Sentence,
138.0,lm3rof,zajd,[zajd],[go ahead:Imper:2S],V
139.0,lm3rof,d,[d],[deic],
140.0,lm3rof,s,[s],[to],
141.0,lm3rof,ʁi,[ʁi],[here],
142.0,lm3rof,New_Sentence,New_Sentence,New_Sentence,
143.0,lm3rof,uχχr,[uχχr],[move back:Imper:2S],V
144.0,lm3rof,awa,[awa],[so],
145.0,lm3rof,s,[s],[to],
146.0,lm3rof,ʁi,[ʁi],[down],
147.0,,hati,[hati],[here],
148.0,lm3rof,New_Sentence,New_Sentence,New_Sentence,
149.0,lm3rof,aqq,[aqq],[Interj],
150.0,lm3rof,a,[a],[Voc],
151.0,lm3rof,gwma,[gwma],[MS:Brother],N
152.0,lm3rof,hati,[hati],[actually],
153.0,lm3rof,aʁar,[aʁar],[just],
154.0,lm3rof,ar,[ar],[AR],
155.0,lm3rof,aʁ,[a-ʁ],[dat:1P],
156.0,lm3rof,tsuχχart,[t-tt-s-uχχar-t],[2S-Impf-Caus-move back:Impf-2S],V
157.0,lm3rof,New_Sentence,New_Sentence,New_Sentence,
158.0,lm3rof,hann,[ha-nn],[presentative-deic],
159.0,lm3rof,ur,[ur],[neg],
160.0,lm3rof,nʃʃa,[n-ʃʃa],[1P-eat:pf],V
161.0,lm3rof,amja,[amja],[nothing],N
162.0,lm3rof,New_Sentence,New_Sentence,New_Sentence,
163.0,lm3rof,amʁar,[a-mʁar],[MSFS-Community leader],N
164.0,lm3rof,jak,[jak],[is'nt it],
165.0,lm3rof,ass,[ass],[Sir],N
166.0,lm3rof,labas,[labas],[No problem],
167.0,lm3rof,ʃwijja,[ʃwijja],[slightly],
168.0,lm3rof,New_Sentence,New_Sentence,New_Sentence,
169.0,lm3rof,fkat,[fk-at],[give:Imper-2MP],V
170.0,lm3rof,as,[a-s],[dat:3MS],
171.0,lm3rof,nn,[nn],[deic],
172.0,lm3rof,!ttbla,[!ttbla],[tray],N
173.0,lm3rof,New_Sentence,New_Sentence,New_Sentence,
174.0,lm3rof,fkat,[fk-at],[give:Imper:2MP],V
175.0,lm3rof,as,[a-s],[dat:3MS],
176.0,lm3rof,d,[d],[deic],
177.0,lm3rof,kra,[kra],[some],
178.0,lm3rof,n,[n],[of],
179.0,lm3rof,wataj,[w-ataj],[MSCS-tea],N
180.0,lm3rof,l,[n],[of],
181.0,lm3rof,lmliħ,[l-mliħ],[MS:good quality],
182.0,lm3rof,New_Sentence,New_Sentence,New_Sentence,
183.0,lm3rof,tbbim,[t-bbi-m],[2-cut:ao-MP],V
184.0,lm3rof,as,[a-s],[dat:3S],
185.0,lm3rof,d,[d],[deic],
186.0,lm3rof,liqamt,[liqamt],[FS:mint],N
187.0,lm3rof,New_Sentence,New_Sentence,New_Sentence,
188.0,lm3rof,tsllam,[t-slla-m],[2-hear:pf-MP],V
189.0,lm3rof,New_Sentence,New_Sentence,New_Sentence,
190.0,lm3rof,tʁrm,[t-ʁr-m],[2-call:ao-MP],V
191.0,lm3rof,i,[i],[to],
192.0,lm3rof,!ttlba,[!ttlba],[Quran teachers],N
193.0,lm3rof,New_Sentence,New_Sentence,New_Sentence,
194.0,lm3rof,a,[ad],[AD:Comp],
195.0,lm3rof,wr,[ur],[Neg],
196.0,lm3rof,ttum,[t-ttu-m],[2-forget:ao-MP],V
197.0,lm3rof,!ttlba,[!ttlba],[Quran teachers],N
198.0,lm3rof,d,[d],[and],
199.0,lm3rof,i!mħdarn,[i-!mħdar-n],[MPFS-student],N
200.0,lm3rof,New_Sentence,New_Sentence,New_Sentence,
201.0,lm3rof,ma,[mad],[Interr:what],
202.0,lm3rof,jga,[i-ga],[3MS-be:pf],V
203.0,lm3rof,ʁajad,[ʁaj-ad],[DemPro-Deic:this],
204.0,lm3rof,New_Sentence,New_Sentence,New_Sentence,
205.0,lm3rof,zzwurat,[ss-zwur-at],[Caus-precede:Imper-2MP],V
206.0,lm3rof,tn,[tn],[Obj:3MP],
207.0,lm3rof,ʁ,[ʁ],[in],
208.0,lm3rof,umttʃu,[u-mttʃu],[MSCS-meal],N
209.0,lm3rof,New_Sentence,New_Sentence,New_Sentence,
210.0,lm3rof,fk,[fk],[give:imper:2S],V
211.0,lm3rof,i,[i],[to],
212.0,lm3rof,wmʁar,[u-mʁar],[MSCS-Community leader],N
213.0,lm3rof,New_Sentence,New_Sentence,New_Sentence,
214.0,lm3rof,awa,[awa],[so],
215.0,lm3rof,bllati,[bllati],[wait],
216.0,lm3rof,a,[ad],[AD:Comp],
217.0,lm3rof,nsala,[n-sala],[1P-finish:ao],V
218.0,lm3rof,amʁar,[a-mʁar],[MSFS-Community leader],N
219.0,lm3rof,New_Sentence,New_Sentence,New_Sentence,
220.0,lm3rof,iga,[i-ga],[3MS-be:pf],V
221.0,lm3rof,u,[u],[from],
222.0,lm3rof,tmazirt,[t-mazir-t],[MSCS-country],N
223.0,lm3rof,New_Sentence,New_Sentence,New_Sentence,
224.0,lm3rof,fkat,[fk-at],[give:Imper-2MP],V
225.0,lm3rof,awa,[awa],Emph:You-MS,
226.0,lm3rof,i,[i],[to],
227.0,lm3rof,wmʁar,[w-mʁar],[MSCS-Community leader],N
228.0,lm3rof,a,[ad],[AD:Comp],
229.0,lm3rof,jʃʃ,[i-ʃʃ],[3MS-eat:ao],V
230.0,lm3rof,New_Sentence,New_Sentence,New_Sentence,
231.0,lm3rof,hati,[hati],[actually],
232.0,lm3rof,ra,[rad],[RAD],
233.0,lm3rof,jqllq,[i-qllq],[3MS-get angry:ao],V
234.0,lm3rof,New_Sentence,New_Sentence,New_Sentence,
235.0,lm3rof,χali,[χali],[MS:uncle],N
236.0,lm3rof,muħmmad,[muħmmad],[muħmmad],N
237.0,lm3rof,labas,[labas],[no problem],
238.0,lm3rof,New_Sentence,New_Sentence,New_Sentence,
239.0,lm3rof,manik,[manik],[how],
240.0,lm3rof,at,[ad],[AD:Comp],
241.0,lm3rof,tgam,[t-ga-m],[2-be:pf-MP],V
242.0,lm3rof,New_Sentence,New_Sentence,New_Sentence,
243.0,lm3rof,ak,[ad],[AD:Comp],
244.0,lm3rof,kwn,[kwn],[Obj:2MP],
245.0,lm3rof,issrbħ,[i-ss-rbħ],[3MS-Caus-win:pf],V
246.0,lm3rof,!rbbi,[!rbbi],[MS:God],N
247.0,lm3rof,New_Sentence,New_Sentence,New_Sentence,
248.0,lm3rof,u!llah,[u-!llah],[by God],N
249.0,lm3rof,a,[a],[Voc],
250.0,lm3rof,jajtma,[ajtma],[MP:brother],N
251.0,lm3rof,ar,[ar],[AR],
252.0,lm3rof,aʁ,[a-ʁ],[dat:1P],
253.0,lm3rof,tʕʒbm,[t-ʕʒb-m],[2-please:aor-MP],V
254.0,lm3rof,New_Sentence,New_Sentence,New_Sentence,
255.0,lm3rof,mnnawt,[mnnawt],[How many:FP],
256.0,lm3rof,lbhajm,[l-bhajm],[FP:Heads (animals)],N
257.0,lm3rof,a,[ad],[AD:Comp],
258.0,lm3rof,mmu,[mmu],[to witch],
259.0,lm3rof,tʁrsm,[t-ʁrs-m],[2-slay:pf-MP],V
260.0,lm3rof,New_Sentence,New_Sentence,New_Sentence,
261.0,lm3rof,nʁrs,[n-ʁrs],[1P-slay:pf],V
262.0,lm3rof,i,[i],[to],
263.0,lm3rof,!sbatʕaʃ,[!sbatʕaʃ],[seventeen],N
264.0,lm3rof,zzʁ,[zzʁ],[among],
265.0,lm3rof,imugajn,[i-mugaj-n],[MPFSi-mugaj-n],N
266.0,lm3rof,New_Sentence,New_Sentence,New_Sentence,
267.0,lm3rof,nʁrs,[n-ʁrs],[1P-slay:pf],V
268.0,lm3rof,i,[i],[to],
269.0,lm3rof,ʕʃrin,[ʕʃrin],[twenty],N
270.0,lm3rof,zzʁ,[zzʁ],[from],
271.0,lm3rof,izammarn,[i-zammar-n],[MPFS-sheep],N
272.0,lm3rof,New_Sentence,New_Sentence,New_Sentence,
273.0,lm3rof,is,[is],[Interr],
274.0,lm3rof,tssnt,[t-ssn-t],[2-know:pf-S],V
275.0,lm3rof,a,[a],[Voc],
276.0,lm3rof,blla,[blla],[Bella],N
277.0,lm3rof,New_Sentence,New_Sentence,New_Sentence,
278.0,lm3rof,!ara,[!ara],[give:Imper:2S],V
279.0,lm3rof,jat,[jat],[one:F],
280.0,lm3rof,ʁrat,[ʁr-at],[call:Imper-2MP],V
281.0,lm3rof,i,[i],[to],
282.0,lm3rof,jajt,[ajt],[those of],
283.0,lm3rof,umarg,[u-marg],[MSCS-song],N
284.0,lm3rof,New_Sentence,New_Sentence,New_Sentence,
285.0,lm3rof,ʁrat,[ʁr-at],[call:Imper-2MP],V
286.0,lm3rof,asn,[a-sn],[dat:3MP],
287.0,lm3rof,New_Sentence,New_Sentence,New_Sentence,
288.0,lm3rof,amarg,[a-marg],[MSFS-song],N
289.0,lm3rof,New_Sentence,New_Sentence,New_Sentence,
290.0,lm3rof,awa,awa],so],
291.0,lm3rof,a!llah,[a!llah],[O Allah],N
292.0,lm3rof,a!llah,[a!llah],[O Allah],N
293.0,lm3rof,New_Sentence,New_Sentence,New_Sentence,
294.0,lm3rof,a,[ad],[AD:COMP],
295.0,lm3rof,wkan,[ukan],[simply],
296.0,lm3rof,i!ʃwwr,[i-!ʃwwr],[3MS-go:pf],V
297.0,lm3rof,jan,[jan],[someone],
298.0,lm3rof,New_Sentence,New_Sentence,New_Sentence,
299.0,lm3rof,awa,[awa],[so],
300.0,lm3rof,a!llah,[a!llah],[O Allah],N
301.0,lm3rof,a!llah,[a!llah],[O Allah],N
302.0,lm3rof,New_Sentence,New_Sentence,New_Sentence,
303.0,lm3rof,a,[ad],[AD:COMP],
304.0,lm3rof,wkan,[ukan],[simply],
305.0,lm3rof,i!ʃwwr,[i-!ʃwwr],[3MS-go:pf],V
306.0,lm3rof,jan,[jan],[someone],
307.0,lm3rof,New_Sentence,New_Sentence,New_Sentence,
308.0,lm3rof,awa,[awa],[so],
309.0,lm3rof,riʁ,[ri-ʁ],[want:pf-1S],V
310.0,lm3rof,ad,[ad],[AD:Comp],
311.0,lm3rof,sawlʁ,[sawl-ʁ],[sawl:ao-1S],V
312.0,lm3rof,ad,[ad],[AD:Comp],
313.0,lm3rof,am,[a-m],[dat:2FS],
314.0,lm3rof,iniʁ,[ini-ʁ],[tell:ao-1S],V
315.0,lm3rof,ja,[jan],[one:M],
316.0,lm3rof,wawal,[w-awal],[MSCS-word],N
317.0,lm3rof,New_Sentence,New_Sentence,New_Sentence,
318.0,lm3rof,ara,[ara],[give:Imper:2S],V
319.0,lm3rof,mat,[mad],[Pron:what],
320.0,lm3rof,tnnit,[t-nni-t],[2-say:ao-S],V
321.0,lm3rof,ad,[ad],[AD:Comp],
322.0,lm3rof,ak,[a-k],[dat:2MS],
323.0,lm3rof,fllas,[flla-s],[on-3S],
324.0,lm3rof,raraʁ,[rara-ʁ],[reply:ao-1S],V
325.0,lm3rof,New_Sentence,New_Sentence,New_Sentence,
326.0,lm3rof,ini,[ini],[tell:Imper:2S],V
327.0,lm3rof,jji,[iji],[dat:1S],
328.0,lm3rof,mad,[mad],[Pron:what],
329.0,lm3rof,tgit,[t-gi-t],[2S-be:pf-2S],V
330.0,lm3rof,a,[a],[Voc],
331.0,lm3rof,!fadna,[!fadna],[Fadna],N
332.0,lm3rof,a,[ad],[AD:Comp],
333.0,lm3rof,nn,[nn],[deic],
334.0,lm3rof,srm,[sr-m],[to-2FS],
335.0,lm3rof,sawlʁ,[sawl-ʁ],[say:ao-1S],V
336.0,lm3rof,New_Sentence,New_Sentence,New_Sentence,
337.0,lm3rof,ml,[ml],[show:Imper:2S],V
338.0,lm3rof,iji,[iji],[dat:1S],
339.0,lm3rof,ma,[mad],[Pron:what],
340.0,lm3rof,kullu,[kullu],[all],
341.0,lm3rof,tskart,[t-skar-t],[2-do:Impf:S],V
342.0,lm3rof,New_Sentence,New_Sentence,New_Sentence,
343.0,lm3rof,mat,[mad],[Pron:what],
344.0,lm3rof,tzznzat,[t-ss-nza-t],[2-Caus-sale:Impf-S],V
345.0,lm3rof,New_Sentence,New_Sentence,New_Sentence,
346.0,lm3rof,mat,[mad],[Pron:what],
347.0,lm3rof,tsalat,[t-sala-t],[2-finish:pf-S],V
348.0,lm3rof,New_Sentence,New_Sentence,New_Sentence,
349.0,lm3rof,nkki,[nkki],[me],
350.0,lm3rof,ur,[ur],[neg],
351.0,lm3rof,a,[ar],[AR:NEG],
352.0,lm3rof,zznzaʁ,[ss-nza-ʁ],[Caus-sale:Impf-1S],V
353.0,lm3rof,ula,[ula],[and],
354.0,lm3rof,ar,[ar],[AR],
355.0,lm3rof,ssaʁʁ,[ssaʁ-ʁ],[buy:Impf-1S],V
356.0,lm3rof,New_Sentence,New_Sentence,New_Sentence,
357.0,lm3rof,nkki,[nkki],[me],
358.0,lm3rof,giʁ,[gi-ʁ],[be:pf-1S],
359.0,lm3rof,lmʕlm,[l-mʕlm],[MS:professional],N
360.0,lm3rof,New_Sentence,New_Sentence,New_Sentence,
361.0,lm3rof,ar,[ar],[AR],
362.0,lm3rof,ttʕdalʁ,[tt-ʕdal-ʁ],[repair:Impf-1S],V
363.0,lm3rof,tikinin,[t-ikin-in],[FPFS:pot],N
364.0,lm3rof,New_Sentence,New_Sentence,New_Sentence,
365.0,lm3rof,akwi,[akwi],[2S:go down:ao],V
366.0,lm3rof,f,[f],[on],
367.0,lm3rof,iχf,[iχf],[MSCS:head],N
368.0,lm3rof,inw,[in-w],[PossDet:1S],
369.0,lm3rof,New_Sentence,New_Sentence,New_Sentence,
370.0,lm3rof,ssudm,[ssudm],[kiss:Imper2S],V
371.0,lm3rof,t,[t],[Obj:3MS],
372.0,lm3rof,New_Sentence,New_Sentence,New_Sentence,
373.0,lm3rof,ad,[ad],[AD:Comp],
374.0,lm3rof,am,[a-m],[dat:2FS],
375.0,lm3rof,fkaʁ,[fka-ʁ],[give:ao-1S],V
376.0,lm3rof,ikin,[i-kin],[MSFS:pot],N
377.0,lm3rof,New_Sentence,New_Sentence,New_Sentence,
378.0,lm3rof,u!llah,[u-!llah],[by God],N
379.0,lm3rof,a,[a],[Voc],
380.0,lm3rof,ja,[jan],[one:M],
381.0,lm3rof,wawal,[w-awal],[MSCS-word],N
382.0,lm3rof,ad,[ad],[AD:Comp],
383.0,lm3rof,am,[a-m],[dat:2FS],
384.0,lm3rof,t,[t],[Obj:3MS],
385.0,lm3rof,ukan,[ukan],[just],
386.0,lm3rof,jini,[i-ini],[3MS-say:ao],V
387.0,lm3rof,jan,[jan],[someone],
388.0,lm3rof,New_Sentence,New_Sentence,New_Sentence,
389.0,lm3rof,hann,[ha-nn],[presentative-deic],
390.0,lm3rof,taʁawsa,[taʁawsa],[FSFS:thing],N
391.0,lm3rof,ur,[ur],[neg],
392.0,lm3rof,ag,[rad],[RAD],
393.0,lm3rof,gis,[gi-s],[in-3MS],
394.0,lm3rof,jili,[i-ili],[3MS-be:ao],V
395.0,lm3rof,abla,[abla],[only],
396.0,lm3rof,lχir,[l-χir],[heavenly manna],N
397.0,lm3rof,New_Sentence,New_Sentence,New_Sentence,
398.0,lm3rof,snat,[snat],[two:F],N
399.0,lm3rof,t!rbʕijin,[t-!rbʕij-in],[FPCF:measure],N
400.0,lm3rof,n,[n],[of],
401.0,lm3rof,taqqajin,[ta-qqaj-in],[FPFS:datte],N
402.0,lm3rof,rad,[rad],[RAD],
403.0,lm3rof,am,[a-m],[dat:2FS],
404.0,lm3rof,tnt,[tnt],[Obj:3FP],
405.0,lm3rof,inn,[inn],[deic],
406.0,lm3rof,awiʁ,[awi-ʁ],[bring:ao-1S],V
407.0,lm3rof,New_Sentence,New_Sentence,New_Sentence,
408.0,lm3rof,i!rbbi,[i!rbbi],[Please],N
409.0,lm3rof,is,[is],[Interr],
410.0,lm3rof,ur,[ur],[neg],
411.0,lm3rof,ttahilt,[t-ttahil-t],[2S-marry:pf-2S],V
412.0,lm3rof,New_Sentence,New_Sentence,New_Sentence,
413.0,lm3rof,ak,[ad],[AD:Comp],
414.0,lm3rof,km,[km],[Obj:2FS],
415.0,lm3rof,jawi,[i-awi],[3MS-marry:ao],V
416.0,lm3rof,jan,[jan],[someone],
417.0,lm3rof,New_Sentence,New_Sentence,New_Sentence,
418.0,lm3rof,ad,[ad],[AD:Comp],
419.0,lm3rof,rhnʁ,[rhn-ʁ],[mortgage:pf-1S],V
420.0,lm3rof,awttu,[a-wttu],[MSFS-plot],N
421.0,lm3rof,da,[da],[DA:Comp] AD variant?,
422.0,lm3rof,iwala,[i-wala],[3MS-inherit:pf],V
423.0,lm3rof,ʕli,[ʕli],[Ali],N
424.0,lm3rof,nnaʁ,[n-naʁ],[PossDet:1P],
425.0,lm3rof,New_Sentence,New_Sentence,New_Sentence,
426.0,lm3rof,mt !rbbi,[mt !rbbi],Exp. Even tough,
427.0,lm3rof,iʁ,[iʁ],[if],
428.0,lm3rof,aʁ,[a-ʁ],[dat:1P],
429.0,lm3rof,d,[d],[deic],
430.0,lm3rof,ur,[ur],[neg],
431.0,lm3rof,i!ʃʃid,[i-s-!ʃid],[3MS-Caus-remain:Ao],V
432.0,lm3rof,amja,[amja],[nothing],N
433.0,lm3rof,iχ,[iʁ],[if],
434.0,lm3rof,km,[km],[Obj:2FS],
435.0,lm3rof,iwiʁ,[iwi-ʁ],[led away:pf-1S],V
436.0,lm3rof,New_Sentence,New_Sentence,New_Sentence,
437.0,lm3rof,i!rbbi,[i!rbbi],[Please],N
438.0,lm3rof,a,[a],[Voc],
439.0,lm3rof,gwma,[gwma],[MS:Brother],N
440.0,lm3rof,ħnna,[ħnna],[cherished],
441.0,lm3rof,gawrat,[gawr-at],[sit down:Imper-2MP],V
442.0,lm3rof,hlli,[hlli],[only],
443.0,lm3rof,imjurat,[imjur-at],[appreciate a place:Imper-2MP],V
444.0,lm3rof,New_Sentence,New_Sentence,New_Sentence,
445.0,lm3rof,raj,[rad],[RAD],
446.0,lm3rof,awn,[a-wn],[dat:2MP],
447.0,lm3rof,fkaʁ,[fka-ʁ],[give:ao-1S],V
448.0,lm3rof,amud,[a-mud],[MSFS-seed],N
449.0,lm3rof,!amzʁ,[!amz-ʁ],[hold:ao-1S],V
450.0,lm3rof,awn,[a-wn],[dat:2MP],
451.0,lm3rof,aχmmwas,[a-χmmwas],[MSFS-sharecropper],N
452.0,lm3rof,New_Sentence,New_Sentence,New_Sentence,
453.0,lm3rof,ad,[ad],[AD:Comp],
454.0,lm3rof,!rhnʁ,[!rhn-ʁ],[mortgage:pf-1S],V
455.0,lm3rof,taʃddatt,[ta-ʃddad-t],[FSFS-bandeau],N
456.0,lm3rof,sʁiʁ,[sʁi-ʁ],[buy:pf-1S],V
457.0,lm3rof,s,[s],[with],
458.0,lm3rof,taqqajin,[ta-qqaj-in],[FPFS:datte],N
459.0,lm3rof,New_Sentence,New_Sentence,New_Sentence,
460.0,lm3rof,i!rbbi,[i!rbbi],[Please],N
461.0,lm3rof,izd,[izd],[Interr],
462.0,lm3rof,nnijt,[nnijt],[FS:intention],
463.0,lm3rof,ad,[ad],[AD:Comp],
464.0,lm3rof,aʁ,[a-ʁ],[dat:1P],
465.0,lm3rof,tnnit,[t-nni-t],[2-tell:pf-S],V
466.0,lm3rof,a,[a],[Voc],
467.0,lm3rof,winnaʁ,[w-in-naʁ],[PossPron:M/1P],
468.0,lm3rof,New_Sentence,New_Sentence,New_Sentence,
469.0,lm3rof,nʁdd,[nʁdd],[or],
470.0,lm3rof,is,[is],[Interr],
471.0,lm3rof,i!ʒur,[i-!ʒur],[3MS-be hypocritical],V
472.0,lm3rof,imi,[imi],[MS:mouth],N
473.0,lm3rof,nnun,[n-nun],[PossDet:2MP],
474.0,lm3rof,aʃku,[aʃku],[because],
475.0,lm3rof,immnʕa,[i-mmnʕa],[3MS-be unreachable],V
476.0,lm3rof,kra,[kra],[something],
477.0,lm3rof,iʁ,[iʁ],[if],
478.0,lm3rof,ak,[a-k],[dat:2MS],
479.0,lm3rof,nn,[nn],[deic],
480.0,lm3rof,iga,[i-ga],[3MS-be:pf],V
481.0,lm3rof,ssllum,[ssllum],[MS:scale],N
482.0,lm3rof,ifl,[i-fl],[3MS-leave:pf],V
483.0,lm3rof,k,[k],[Obj:2MS],
484.0,lm3rof,ukan,[ukan],[just],
485.0,lm3rof,ar,[ar],[AR],
486.0,lm3rof,k,[k],[Obj:2MS],
487.0,lm3rof,ittmnad,[i-tt-mnad],[3MS-watch:Impf],V
488.0,lm3rof,is,[is],[Comp],
489.0,lm3rof,tufit,[t-ufi-t],[2-find:pf-S],V
490.0,lm3rof,aʁaras,[a-ʁaras],[MSFS-path],N
491.0,lm3rof,New_Sentence,New_Sentence,New_Sentence,
492.0,lm3rof,a!llahinʕlkm,[a!llah inʕlkm],[May God curse you],V
493.0,lm3rof,a,[a],[Voc],
494.0,lm3rof,zajna,[zajna],[Zayna],N
495.0,lm3rof,ula,[ula],[too],
496.0,lm3rof,kiji,[kiji],[you:MS],N
497.0,lm3rof,a,[a],[Voc],
498.0,lm3rof,blla,[blla],[Bella],N
499.0,lm3rof,New_Sentence,New_Sentence,New_Sentence,
500.0,lm3rof,hati,[hati],[actually],
501.0,lm3rof,ʁikann,[ʁika-nn],[Like that],
502.0,lm3rof,a,[ad],[AD:Comp],
503.0,lm3rof,jgan,[i-ga-n],[3MS-be:pf-partic],V
504.0,lm3rof,!nndm,[!nndm],"[MS:poetry, chant]",N
505.0,lm3rof,New_Sentence,New_Sentence,New_Sentence,
506.0,lm3rof,wa,[awa],[so],
507.0,lm3rof,zajd,[zajd],[go ahead:Imper:2S],V
508.0,lm3rof,a,[a],[Voc],
509.0,lm3rof,muħmmad,[muħmmad],[muħmmad],N
510.0,lm3rof,sqsa,[sqsa],[ask:Imper:2S],V
511.0,lm3rof,t,[t],[Obj:3MS],
512.0,lm3rof,awa,[awa],[so],
513.0,lm3rof,mani,[mani],[where],
514.0,lm3rof,d,[d],[deic],
515.0,lm3rof,ikka,[i-kka],[3MS-visit:pf],V
516.0,lm3rof,New_Sentence,New_Sentence,New_Sentence,
517.0,lm3rof,ikka,[i-kka],[3MS-pass through:pf],V
518.0,lm3rof,d,[d],[deic],
519.0,lm3rof,awa,[awa],[so],
520.0,lm3rof,azaʁar,[a-zaʁar],[MSFS-plaine],N
521.0,lm3rof,New_Sentence,New_Sentence,New_Sentence,
522.0,lm3rof,mad,[mad],[Interr:what],
523.0,lm3rof,d,[d],[deic],
524.0,lm3rof,jusi,[i-usi],[3MS-usi],V
525.0,lm3rof,New_Sentence,New_Sentence,New_Sentence,
526.0,lm3rof,jusi,[i-usi],[3MS-usi],V
527.0,lm3rof,d,[d],[deic],
528.0,lm3rof,tisnt,[tisnt],[FS:salt],N
529.0,lm3rof,New_Sentence,New_Sentence,New_Sentence,
530.0,lm3rof,ira,[i-ra],[3MS-want:pf],V
531.0,lm3rof,a,[ad],[AD:Comp],
532.0,lm3rof,stt,[stt],[Obj:3FS],
533.0,lm3rof,izznz,[i-ss-nz],[3MS-Caus-sale:ao],V
534.0,lm3rof,New_Sentence,New_Sentence,New_Sentence,
535.0,lm3rof,imma,[imma],[whereas],
536.0,lm3rof,ʁwann,[ʁ-wa-nn],[DemProMS-Deic:that one],
537.0,lm3rof,wissin,[wiss sin],[MS:second],
538.0,lm3rof,mad,[mad],[Interr:what],
539.0,lm3rof,d,[d],[Deic],
540.0,lm3rof,jusi,[i-usi],[3MS-carry:pf],V
541.0,lm3rof,New_Sentence,New_Sentence,New_Sentence,
542.0,lm3rof,jusi,[i-usi],[3MS-carry:pf],V
543.0,lm3rof,d,[d],[deic],
544.0,lm3rof,kra,[kra],[some],
545.0,lm3rof,l,[n],[of],
546.0,lm3rof,lʁasul,[l-ʁasul],MS:lavender],N
547.0,lm3rof,New_Sentence,New_Sentence,New_Sentence,
548.0,lm3rof,imma,[imma],[whereas],
549.0,lm3rof,ʁwann,[ʁ-wa-nn],[DemProMS-Deic:that one],
550.0,lm3rof,!jadnin,[!jadnin],[other],
551.0,lm3rof,New_Sentence,New_Sentence,New_Sentence,
552.0,lm3rof,jusi,[i-usi],[3MS-hold:pf],V
553.0,lm3rof,d,[d],[Deic],
554.0,lm3rof,tasra,[tasra],[FS:Henna],N
555.0,lm3rof,New_Sentence,New_Sentence,New_Sentence,
556.0,lm3rof,sqsa,[sqsa],[ask:Imper:2S],V
557.0,lm3rof,t,[t],[Obj:3MS],
558.0,lm3rof,mnʃkk,[mnʃkk],[how much],
559.0,lm3rof,at,[ad],AD:Comp],
560.0,lm3rof,tswa,[t-swa],[2FS-cost:pf],V
561.0,lm3rof,New_Sentence,New_Sentence,New_Sentence,
562.0,lm3rof,ssalamuʕalajkum,[ssalamuʕalajkum],[peace on you],
563.0,lm3rof,New_Sentence,New_Sentence,New_Sentence,
564.0,lm3rof,ʕlikumssalam,[ʕlikumssalam],[peace on you],
565.0,lm3rof,New_Sentence,New_Sentence,New_Sentence,
566.0,lm3rof,mad,[mad],[Interr:what],
567.0,lm3rof,tzznzat,[t-ss-nza-t],[2-Caus-sale:Impf-S],V
568.0,lm3rof,a,[a],[Voc],
569.0,lm3rof,majsmnk,[ma ism n-k],[expression used when a person is unknown],
570.0,lm3rof,New_Sentence,New_Sentence,New_Sentence,
571.0,lm3rof,aʁar,[aʁar],[just],
572.0,lm3rof,tlla,[t-lla],[3FS-be:pf],V
573.0,lm3rof,darnʁ,[dar-nʁ],[at-1P],
574.0,lm3rof,imik,[imik],[some],
575.0,lm3rof,n,[n],[of],
576.0,lm3rof,tisnt,[tisnt],[FS:salt],N
577.0,lm3rof,New_Sentence,New_Sentence,New_Sentence,
578.0,lm3rof,ʁwann,[ʁ-wa-nn],[DemProMS-Deic:that one],
579.0,lm3rof,jiwi,[i-iwi],[3MS-bring:pf],V
580.0,lm3rof,d,[d],[deic],
581.0,lm3rof,tasra,[tasra],[FS:Henna],N
582.0,lm3rof,New_Sentence,New_Sentence,New_Sentence,
583.0,lm3rof,mnʃk,[mnʃk],[how much],
584.0,lm3rof,at,[ad],AD:Comp],
585.0,lm3rof,tswa,[t-swa],[2FS-cost:pf],V
586.0,lm3rof,New_Sentence,New_Sentence,New_Sentence,
587.0,lm3rof,a,[a],[Voc],
588.0,lm3rof,tswa,[t-swa],[2FS-cost:pf],V
589.0,lm3rof,!rbʕadryal,[!rbʕa d ryal],[four rials],N
590.0,lm3rof,i,[i],[to],
591.0,lm3rof,l!ʕbrt,[l-!ʕbrt],[FS:measure of seeds],N
592.0,lm3rof,New_Sentence,New_Sentence,New_Sentence,
593.0,lm3rof,awa,[awa],[so],
594.0,lm3rof,!llajhdik,[!llaj hdik],[Allah make you wise],
595.0,lm3rof,fk,[fk],[give:Imper:2S],V
596.0,lm3rof,aʁ,[a-ʁ],[dat:1P],
597.0,lm3rof,jat,[jat],[one:F],
598.0,lm3rof,l!ʕbrt,[l-!ʕbrt],[FS:measure of seeds],N
599.0,lm3rof,s,[s],[with],
600.0,lm3rof,tlatadrjal,[tlata d rjal],[three rials],N
601.0,lm3rof,New_Sentence,New_Sentence,New_Sentence,
602.0,lm3rof,hati,[hati],[actually],
603.0,lm3rof,taʁawsa,[taʁawsa],[FSFS:thing],N
604.0,lm3rof,iχ,[iχ],[if],
605.0,lm3rof,tt,[tt],[Obj:3FS],
606.0,lm3rof,id,[id],[deic],
607.0,lm3rof,jusi,[i-usi],[3MS-carry:pf],V
608.0,lm3rof,bnadm,[bnadm],[person],N
609.0,lm3rof,New_Sentence,New_Sentence,New_Sentence,
610.0,lm3rof,ajsħan,[ad i-sħa-n],[Idiom:really],V
611.0,lm3rof,ur,[ur],[neg],
612.0,lm3rof,sul,[sul],[yet],
613.0,lm3rof,riʁ,[ri-ʁ],[want:pf-1S],V
614.0,lm3rof,jat,[jat],[one:F],
615.0,lm3rof,New_Sentence,New_Sentence,New_Sentence,
616.0,lm3rof,aʁar,[aʁar],[just],
617.0,lm3rof,!llaj,[!llaj],[Allah],N
618.0,lm3rof,hnnik,[hnni-k],[live in peace:ao-2MS],V
619.0,lm3rof,New_Sentence,New_Sentence,New_Sentence,
620.0,lm3rof,imma,[imma],[whereas],
621.0,lm3rof,kiji,[kiji],[you:MS],N
622.0,lm3rof,a,[a],[Voc],
623.0,lm3rof,bab,[bab],[MS:owner],N
624.0,lm3rof,n,[n],[of],
625.0,lm3rof,lʁasul,[l-ʁasul],MS:lavender],N
626.0,lm3rof,New_Sentence,New_Sentence,New_Sentence,
627.0,lm3rof,lʁasul,[l-ʁasul],MS:lavender],N
628.0,lm3rof,a,[a],[Voc],
629.0,lm3rof,gwma,[gwma],[MS:Brother],N
630.0,lm3rof,iga,[i-ga],[3MS-be:pf],V
631.0,lm3rof,tlata,[tlata],[three],N
632.0,lm3rof,frank,[frank],[Franc],N
633.0,lm3rof,i,[i],[to],
634.0,lm3rof,l!ʕbrt,[l-!ʕbrt],[FS:measure of seeds],N
635.0,lm3rof,New_Sentence,New_Sentence,New_Sentence,
636.0,lm3rof,imma,[imma],[whereas],
637.0,lm3rof,kiji,[kiji],[you:MS],N
638.0,lm3rof,ja,[ja],[Oh you],
639.0,lm3rof,New_Sentence,New_Sentence,New_Sentence,
640.0,lm3rof,nkki,[nkki],[me],N
641.0,lm3rof,a,[a],[Voc],
642.0,lm3rof,gwma,[gwma],[MS:Brother],N
643.0,lm3rof,!sskwar,[!sskwar],[sugar],N
644.0,lm3rof,ad,[ad],[AD:Comp],
645.0,lm3rof,zznzaʁ,[ss-nza-ʁ],[Caus-sale:Impf-1S],V
646.0,lm3rof,nkki,[nkki],[me],
647.0,lm3rof,New_Sentence,New_Sentence,New_Sentence,
648.0,lm3rof,wajli,[wajli],[wajli],
649.0,lm3rof,ħtta,[ħtta],[too],
650.0,lm3rof,kiji,[kiji],[you:MS],N
651.0,lm3rof,!sskkwar,[!sskkwar],[MS:sugar],N
652.0,lm3rof,New_Sentence,New_Sentence,New_Sentence,
653.0,lm3rof,izd,[izd],[Interr],
654.0,lm3rof,luqt,[l-uqt],[FS:time],N
655.0,lm3rof,a,[a-d],[DemDet-Deic:this],
656.0,lm3rof,at,[ad],[AD:COMP],
657.0,lm3rof,ttasin,[tt-asi-n],[carry:Impf-3MP],V
658.0,lm3rof,mddn,[mddn],[people],
659.0,lm3rof,!sskkwar,[!sskkwar],[MS:sugar],N
660.0,lm3rof,New_Sentence,New_Sentence,New_Sentence,
661.0,lm3rof,inwa,[i-nwa],[3MS-swollen:pf],V
662.0,lm3rof,kullu,[kullu],[all],
663.0,lm3rof,wasif,[w-asif],[MSCS-river],N
664.0,lm3rof,New_Sentence,New_Sentence,New_Sentence,
665.0,lm3rof,illa,[i-lla],[3MS-be:pf],V
666.0,lm3rof,!rrmman,[!rrmman],[MS:pomegranate],N
667.0,lm3rof,New_Sentence,New_Sentence,New_Sentence,
668.0,lm3rof,illa,[i-lla],[3MS-be:pf],V
669.0,lm3rof,lmʃmaʃ,[l-mʃmaʃ],[MS:apricot],N
670.0,lm3rof,New_Sentence,New_Sentence,New_Sentence,
671.0,lm3rof,illa,[i-lla],[3MS-be:pf],V
672.0,lm3rof,lχuχ,[l-χuχ],[MS:peach fruit],N
673.0,lm3rof,New_Sentence,New_Sentence,New_Sentence,
674.0,lm3rof,ilint,[ili-nt],[be:ao-3FP],V
675.0,lm3rof,taqqajin,[ta-qqaj-in],[FPFS:datte],N
676.0,lm3rof,New_Sentence,New_Sentence,New_Sentence,
677.0,lm3rof,jili,[i-ili],[3MS-be:ao],V
678.0,lm3rof,lgrgaʕ,[l-grgaʕ],[MS:walnut],N
679.0,lm3rof,New_Sentence,New_Sentence,New_Sentence,
680.0,lm3rof,tinit,[t-ini-t],[2-say:ao-S],V
681.0,lm3rof,kiji,[kiji],[you:MS],N
682.0,lm3rof,!sskkwar,[!sskkwar],[MS:sugar],N
683.0,lm3rof,New_Sentence,New_Sentence,New_Sentence,
684.0,lm3rof,ma,[ma],[Interr:who],
685.0,lm3rof,rat,[rad],[RAD],
686.0,lm3rof,t,[t],[Obj:3MS],
687.0,lm3rof,dark,[dar-k],[at-2MS],
688.0,lm3rof,i!som,[i-!sum],[3MS-cost],V
689.0,lm3rof,s,[s],[with],
690.0,lm3rof,ttaman,[l-taman],[MS:price],N
691.0,lm3rof,lli,[lli],[RelPro],
692.0,lm3rof,iga,[i-ga],[3MS-be:pf],V
693.0,lm3rof,New_Sentence,New_Sentence,New_Sentence,
694.0,lm3rof,awa,[awa],[so],
695.0,lm3rof,gwma,[gwma],[MS:Brother],N
696.0,lm3rof,ssliʕt,[ssliʕt],[FS:goods],N
697.0,lm3rof,iknna,[iknna],[whatever],
698.0,lm3rof,tga,[t-ga],[3FS-be:pf],V
699.0,lm3rof,rat,[rad],[RAD],
700.0,lm3rof,tnz,[t-nz],[3FS-sale:ao],V
701.0,lm3rof,New_Sentence,New_Sentence,New_Sentence,
702.0,lm3rof,!llah,[!llah],[MS:God],N
703.0,lm3rof,iʒʕl,[i-ʒʕl],[3MS-make:ao],V
704.0,lm3rof,l!baraka,[l-!baraka],[FS:benediction],N
705.0,lm3rof,New_Sentence,New_Sentence,New_Sentence,
706.0,lm3rof,mad,[mad],[Interr:what],
707.0,lm3rof,awa,[awa],[so],
708.0,lm3rof,iga,[i-ga],[3MS-be:pf],V
709.0,lm3rof,ʁwann,[ʁ-wa-nn],[DemProMS-Deic:that one],
710.0,lm3rof,d,[d],[deic],
711.0,lm3rof,jiwnn,[i-iwn-n],[3MS-come through:ao],V
712.0,lm3rof,i,[i],[to],
713.0,lm3rof,wasif,[w-asif],[MSCS-river],N
714.0,lm3rof,New_Sentence,New_Sentence,New_Sentence,
715.0,lm3rof,hann,[ha-nn],[presentative-deic],
716.0,lm3rof,aknari,[a-knari],[MSFS-prickly pear],N
717.0,lm3rof,New_Sentence,New_Sentence,New_Sentence,
718.0,lm3rof,ini,[ini],[tell:Imper:2S],V
719.0,lm3rof,jas,[a-s],[dat:3MS],
720.0,lm3rof,nn,[nn],[Deic],
721.0,lm3rof,iqqn,[i-qqn],[3MS-close:pf],V
722.0,lm3rof,New_Sentence,New_Sentence,New_Sentence,
723.0,lm3rof,mad,[mad],[Interr:what],
724.0,lm3rof,awa,[awa],[so],
725.0,lm3rof,tʃttat,[t-ʃtta-t],[2S-eat:Impf-2S],V
726.0,lm3rof,New_Sentence,New_Sentence,New_Sentence,
727.0,lm3rof,hann,[ha-nn],[presentative-deic],
728.0,lm3rof,awa,[awa],[so],
729.0,lm3rof,ur,[ur],[neg],
730.0,lm3rof,a,[ar],[AR:NEG],
731.0,lm3rof,ʃttaʁ,[ʃtta-ʁ],[eat:Impf-1S],V
732.0,lm3rof,amja,[amja],[nothing],N
733.0,lm3rof,New_Sentence,New_Sentence,New_Sentence,
734.0,lm3rof,a,[ad],[AD:Comp],
735.0,lm3rof,jak,[a-k],[dat:2MS],
736.0,lm3rof,iʃʃ,[i-s-ʃʃ],[3MS-Caus-eat:ao],V
737.0,lm3rof,!rbbi,[!rbbi],[MS:God],N
738.0,lm3rof,aqqdn,[a-qqd-n],embers,N
739.0,lm3rof,New_Sentence,New_Sentence,New_Sentence,
740.0,lm3rof,qqnn,[qqn-n],[close:pf-3MP],V
741.0,lm3rof,mddn,[mddn],[people],
742.0,lm3rof,aknari,[a-knari],[MSFS-prickly pear],N
743.0,lm3rof,!rbʕjam,[!rbʕjam],[four days],N
744.0,lm3rof,a,[ad],[AD:Comp],
745.0,lm3rof,ja,[a-d],[DemDet-Deic:this] ,
746.0,lm3rof,New_Sentence,New_Sentence,New_Sentence,
747.0,lm3rof,ukan,[ukan],[just],
748.0,lm3rof,tawnd,[t-awn-t],[2-???:ao-S],V
749.0,lm3rof,d,[d],[deic],
750.0,lm3rof,kiji,[kiji],[you:MS],
751.0,lm3rof,New_Sentence,New_Sentence,New_Sentence,
752.0,lm3rof,jan,[jan],[someone],
753.0,lm3rof,iʃʃan,[i-ʃʃa-n],[3MS-eat:pf-partic],V
754.0,lm3rof,kra,[kra],[some],
755.0,lm3rof,ifk,[i-fk],[3MS-give:ao],V
756.0,lm3rof,l!χtijt,[l-!χtij-t],[FS:penalty],N
757.0,lm3rof,New_Sentence,New_Sentence,New_Sentence,
758.0,lm3rof,ifk,[i-fk],[3MS-give:ao],V
759.0,lm3rof,a!zzajn,[a-!zzajn],[MSFS-fine],N
760.0,lm3rof,i,[i],[to],
761.0,lm3rof,wmʁar,[w-mʁar],[MSCS-Community leader],N
762.0,lm3rof,New_Sentence,New_Sentence,New_Sentence,
763.0,lm3rof,ifk,[i-fk],[3MS-give:ao],V
764.0,lm3rof,kulʃi,[kulʃi],[all],
765.0,lm3rof,New_Sentence,New_Sentence,New_Sentence,
766.0,lm3rof,awa,[awa],[so],
767.0,lm3rof,gwma,[gwma],[MS:Brother],N
768.0,lm3rof,hati,[hati],[actually],
769.0,lm3rof,nkkni,[nkkni],[we:M],
770.0,lm3rof,ur,[ur],[neg],
771.0,lm3rof,nssn,[n-ssn],[1P-know:pf],V
772.0,lm3rof,New_Sentence,New_Sentence,New_Sentence,
773.0,lm3rof,nkkni,[nkkni],[we:M],
774.0,lm3rof,ʁ,[ʁ],[in],
775.0,lm3rof,uzaʁar,[u-zaʁar],[MSCS-zaʁar],N
776.0,lm3rof,ur,[ur],[neg],
777.0,lm3rof,a,[ad],[AD:Comp],
778.0,lm3rof,gis,[gi-s],[in-3MS],
779.0,lm3rof,nttqqn,[n-tt-qqn],[1P-close:Impf],V
780.0,lm3rof,aknari,[a-knari],[MSFS-prickly pear],N
781.0,lm3rof,New_Sentence,New_Sentence,New_Sentence,
782.0,lm3rof,kwnni,[kwnni],[you:MP],
783.0,lm3rof,a,[a],[Voc],
784.0,lm3rof,gwma,[gwma],[MS:Brother],N
785.0,lm3rof,ʁid,[ʁi-d],[here],
786.0,lm3rof,tʕzza,[t-ʕzza],[3FS-be lovable:pf],V
787.0,lm3rof,darun,[dar-un],[at-2MP],
788.0,lm3rof,tknarit,[t-knari-t],[FSCS-prickly pear],N
789.0,lm3rof,New_Sentence,New_Sentence,New_Sentence,
790.0,lm3rof,zajd,[zajd],[go ahead:Imper:2S],V
791.0,lm3rof,awa,[awa],[so],
792.0,lm3rof,mani,[mani],[where],
793.0,lm3rof,ʁ,[ʁ],[in],
794.0,lm3rof,at,[ad],[AD:Comp],
795.0,lm3rof,ttlʕabt,[t-tt-lʕab-t],[2S-play:Impf-2S],V
796.0,lm3rof,New_Sentence,New_Sentence,New_Sentence,
797.0,lm3rof,ur,[ur],[neg],
798.0,lm3rof,sul,[sul],[yet],
799.0,lm3rof,iga,[i-ga],[3MS-be:pf],V
800.0,lm3rof,uknari,[u-knari],[MSCS-prickly pear],N
801.0,lm3rof,l!hdrt,[l-!hdr-t],[FS:joke],N
802.0,lm3rof,ula,[ula],[and],
803.0,lm3rof,talluzin,[ta-lluz-in],[FSFS:almond],N
804.0,lm3rof,ula,[ula],[and],
805.0,lm3rof,kullu,[kullu],[all],
806.0,lm3rof,New_Sentence,New_Sentence,New_Sentence,
807.0,lm3rof,awa,[awa],[so],
808.0,lm3rof,gwma,[gwma],[MS:Brother],N
809.0,lm3rof,samħ,[samħ],[forgive:Imper:2S],V
810.0,lm3rof,iji,[iji],[dat:1S],
811.0,lm3rof,New_Sentence,New_Sentence,New_Sentence,
812.0,lm3rof,awa,[awa],[so],
813.0,lm3rof,hajjaʁ,[ha-aʁ],[DEM-1P],
814.0,lm3rof,nsamħ,[n-samħ],[1P-forgive:pf],V
815.0,lm3rof,ak,[a-k],[dat:2MS],
816.0,lm3rof,New_Sentence,New_Sentence,New_Sentence,
817.0,lm3rof,sawl,[sawl],[speak:Imper:2S],V
818.0,lm3rof,ata,[ata],[you:F],
819.0,lm3rof,a,[a],[Voc],
820.0,lm3rof,nʒma,[nʒma],[Nejma],N
821.0,lm3rof,ʕddi,[ʕddi],[Aaddi],N
822.0,lm3rof,New_Sentence,New_Sentence,New_Sentence,
823.0,lm3rof,nʕam,[nʕam],[yes],
824.0,lm3rof,ata,[ata],[you:F],
825.0,lm3rof,New_Sentence,New_Sentence,New_Sentence,
826.0,lm3rof,izd,[izd],[Interr],
827.0,lm3rof,ata,[ata],[you:F],
828.0,lm3rof,jiwrri,[i-iwrri],[3MS-turn back:pf],V
829.0,lm3rof,iwi,[iwi],[MS:son],N
830.0,lm3rof,m,[m],[your],
831.0,lm3rof,zzʁ,[zzʁ],[from],
832.0,lm3rof,!ddarl!bida,[!ddar l!bida],[Casablanca],N
833.0,lm3rof,New_Sentence,New_Sentence,New_Sentence,
834.0,lm3rof,juʃka,[i-uʃka],[3MS-come:pf],V
835.0,lm3rof,d,[d],[deic],
836.0,lm3rof,a,[a],[Voc],
837.0,lm3rof,wltma,[ultma],[FS:sister],N
838.0,lm3rof,ndi,[ndi],[before],
839.0,lm3rof,wass,[w-ass],[MSCS-day],N
840.0,lm3rof,New_Sentence,New_Sentence,New_Sentence,
841.0,lm3rof,is,[is],[Interr],
842.0,lm3rof,ata,[ata],[you:F],
843.0,lm3rof,isqqsa,[i-sqqsa],[3MS-ask after:pf],V
844.0,lm3rof,ʁ,[ʁ],[about],
845.0,lm3rof,blʕid,[blʕid],[Belaid],N
846.0,lm3rof,nnaʁ,[n-naʁ],[PossDet:2P],
847.0,lm3rof,New_Sentence,New_Sentence,New_Sentence,
848.0,lm3rof,isqqsa,[i-sqqsa],[3MS-ask after:pf],V
849.0,lm3rof,wkan,[ukan],[at least],
850.0,lm3rof,gis,[gi-s],[in-3MS],
851.0,lm3rof,New_Sentence,New_Sentence,New_Sentence,
852.0,lm3rof,hatinn,[ha-t-inn],[presentative-3MS-deic],
853.0,lm3rof,ar,[ar],[AR],
854.0,lm3rof,as,[a-s],[dat:3S],
855.0,lm3rof,ittʕawad,[i-tt-ʕawad],[3MS-tell:Impf],V
856.0,lm3rof,u!mʒʒud,[u-!mʒʒud],[MSCS-scabby],N
857.0,lm3rof,New_Sentence,New_Sentence,New_Sentence,
858.0,lm3rof,inna,[i-nna],[3MS-say:pf],V
859.0,lm3rof,jas,[a-s],[dat:3S],
860.0,lm3rof,i!rbbi,[i!rbbi],[Please],N
861.0,lm3rof,a,[ad],[ADComp],
862.0,lm3rof,nn,[nn],[Deic],
863.0,lm3rof,tinit,[t-ini-t],[2-say:ao-S],V
864.0,lm3rof,i,[i],[to],
865.0,lm3rof,jnna,[inna],[FS:mother],N
866.0,lm3rof,bllʁ,[bllʁ],[transmit:imper:2S],V
867.0,lm3rof,as,[a-s],[dat:3FS],
868.0,lm3rof,sslam,[sslam],[hello],N
869.0,lm3rof,New_Sentence,New_Sentence,New_Sentence,
870.0,lm3rof,iʁ,[iʁ],[if],
871.0,lm3rof,tufam,[t-ufa-m],[2-find:pf-MP],V
872.0,lm3rof,kra,[kra],[some],
873.0,lm3rof,n,[n],[of],
874.0,lm3rof,uqʃʃab,[u-qʃʃab],[MSCS-dress],N
875.0,lm3rof,ad,[ad],[AD:Comp],
876.0,lm3rof,iji,[iji],[dat:1S],
877.0,lm3rof,t,[t],[Obj:3MS],
878.0,lm3rof,id,[id],[deic],
879.0,lm3rof,taznm,[t-azn-m],[2-send:ao-MP],V
880.0,lm3rof,New_Sentence,New_Sentence,New_Sentence,
881.0,lm3rof,hati,[hati],[actually],
882.0,lm3rof,ur,[ur],[neg],
883.0,lm3rof,dari,[dar-i],[at-1S],
884.0,lm3rof,illi,[i-lli],[3MS-be:pfneg],V
885.0,lm3rof,umja,[u-mja],[MSCS-nothing],N
886.0,lm3rof,ma,[mad],[Pron:what],
887.0,lm3rof,nn,[nn],[Deic],N
888.0,lm3rof,lssaʁ,[lssa-ʁ],[wear:Impf-1S],V
889.0,lm3rof,s,[s],[to],
890.0,lm3rof,tmazirt,[t-mazir-t],[MSCS-country],N
891.0,lm3rof,New_Sentence,New_Sentence,New_Sentence,
892.0,lm3rof,aħjjana,[aħjjana],[alas],
893.0,lm3rof,a,[a],[Voc],
894.0,lm3rof,jmmi,[jmmi],[FS:mother],N
895.0,lm3rof,ħnna,[ħnna],[cherished],
896.0,lm3rof,New_Sentence,New_Sentence,New_Sentence,
897.0,lm3rof,ftan,[fta-n],[leave:pf-3MP],V
898.0,lm3rof,mddn,[mddn],[people],N
899.0,lm3rof,skrn,[skr-n],[do:pf-3MP],V
900.0,lm3rof,!tumubilat,[!tumubil-at],[FP:cars],N
901.0,lm3rof,New_Sentence,New_Sentence,New_Sentence,
902.0,lm3rof,skrn,[skr-n],[do:pf-3MP],V
903.0,lm3rof,lkrars,[l-krars],[FP:carts],N
904.0,lm3rof,New_Sentence,New_Sentence,New_Sentence,
905.0,lm3rof,gan,[ga-n],[be:pf-3MP],V
906.0,lm3rof,irgazn,[i-rgaz-n],[MPFS:man],N
907.0,lm3rof,New_Sentence,New_Sentence,New_Sentence,
908.0,lm3rof,i!χssa,[i-!χssa],[3MS-must:pf],V
909.0,lm3rof,ad,[ad],[AD:Comp],
910.0,lm3rof,aznʁ,[azn-ʁ],[send:ao-1S],V
911.0,lm3rof,aʒllabi,[a-ʒllabi],[MSFS-Jellaba],N
912.0,lm3rof,i,[i],[to],
913.0,lm3rof,w!mʒʒud,[w-!mʒʒud],[MSCS-scabby],N
914.0,lm3rof,at,[ad],[AD:Comp],
915.0,lm3rof,t,[t],[Obj:3MS],
916.0,lm3rof,id,[id],[deic],
917.0,lm3rof,ils,[i-ls],[1MS-ls:ao],V
918.0,lm3rof,ʁ,[ʁ],[into],
919.0,lm3rof,!ddarl!bida,[!ddar l!bida],[Casablanca],N
920.0,lm3rof,New_Sentence,New_Sentence,New_Sentence,
921.0,lm3rof,awahjanw,[awahjanw],[Interjection],
922.0,lm3rof,awahjanw,[awahjanw],[Interjection],
923.0,lm3rof,a,[a],[Voc],
924.0,lm3rof,jmmi,[jmmi],[my mother],N
925.0,lm3rof,ħnna,[ħnna],cherished,
926.0,lm3rof,New_Sentence,New_Sentence,New_Sentence,
927.0,lm3rof,izd,[izd],[Interr],
928.0,lm3rof,ʕli,[ʕli],[Ali],N
929.0,lm3rof,nnun,[n-nun],[PossDet:2MP],
930.0,lm3rof,hann,[ha-nn],[presentative-deic],
931.0,lm3rof,iga,[i-ga],[3MS-be:pf],V
932.0,lm3rof,!ʃʃafor,[!ʃʃafor],[MS:driver],N
933.0,lm3rof,ar,[ar],[AR],
934.0,lm3rof,i!tt!sug,[i-!tt-!sug],[3MS-drive:Impf],V
935.0,lm3rof,!tbark llah,[!tbark llah],[bravo],
936.0,lm3rof,l!krrusa,[l-!krrusa],[FS:cart],N
937.0,lm3rof,ʁijjid,[ʁijjid],[by night],N
938.0,lm3rof,ula,[ula],[and],
939.0,lm3rof,azal,[azal],[MSFS:day],N
940.0,lm3rof,New_Sentence,New_Sentence,New_Sentence,
941.0,lm3rof,ar,[ar],[AR],
942.0,lm3rof,tt,[tt],[Obj:3fS],
943.0,lm3rof,i!tt!sug,[i-!tt-!sug],[3MS-drive:Impf],V
944.0,lm3rof,New_Sentence,New_Sentence,New_Sentence,
945.0,lm3rof,ar,[ar],[AR],
946.0,lm3rof,tt,[tt],[Obj:3fS],
947.0,lm3rof,ittgwwad,[i-tt-gwwad],[3MS-lead:Impf],V
948.0,lm3rof,New_Sentence,New_Sentence,New_Sentence,
949.0,lm3rof,awa,[awa],[so],
950.0,lm3rof,gwma,[gwma],[MS:Brother],N
951.0,lm3rof,fkiʁ,[fki-ʁ],[give:pf-1S],V
952.0,lm3rof,as,[a-s],[dat:3S],
953.0,lm3rof,!rrda,[!rrda],[MS:blessing],N
954.0,lm3rof,New_Sentence,New_Sentence,New_Sentence,
955.0,lm3rof,imma,[imma],[whereas],
956.0,lm3rof,ʕamajn,[ʕamajn],[two years],N
957.0,lm3rof,a,[a],[comp],
958.0,lm3rof,jad,[a-d],[deic],
959.0,lm3rof,ur,[ur],[neg],
960.0,lm3rof,ʒʒu,[ʒʒu],[never],
961.0,lm3rof,!n!zra,[!n-!zra],[2P-see:pf],V
962.0,lm3rof,maj,[mad],[Pron:what],
963.0,lm3rof,aʁ,[a-ʁ],[dat:1P],
964.0,lm3rof,d,[d],[deic],
965.0,lm3rof,juzn,[i-uzn],[3MS-send:pf],V
966.0,lm3rof,New_Sentence,New_Sentence,New_Sentence,
967.0,lm3rof,ħtta,[ħtta],[even],
968.0,lm3rof,ma,[mad],[Pron:what],
969.0,lm3rof,nʃʃa,[n-ʃʃa],[1P-eat:pf],V
970.0,lm3rof,New_Sentence,New_Sentence,New_Sentence,
971.0,lm3rof,awa,[awa],[so],
972.0,lm3rof,hati,[hati],[actually],
973.0,lm3rof,ħtta,[ħtta],[too],
974.0,lm3rof,kmmi,[kmmi],[you:FS],
975.0,lm3rof,a,[a],[Voc],
976.0,lm3rof,χalti,[χalti],[aunt],N
977.0,lm3rof,iʒʒu,[iʒʒu],[Ijjou],N
978.0,lm3rof,ur,[ur],[neg],
979.0,lm3rof,flla,[flla],[on],
980.0,lm3rof,s,[s],[dat:3S],
981.0,lm3rof,t!rdit,[t-!rdi-t],[2-bless:pf-S],V
982.0,lm3rof,New_Sentence,New_Sentence,New_Sentence,
983.0,lm3rof,awa,[awa],[so],
984.0,lm3rof,gwma,[gwma],[MS:Brother],N
985.0,lm3rof,manik,[manik],[how],
986.0,lm3rof,a,[ad],[AD:Comp],
987.0,lm3rof,jga,[i-ga],[3MS-be:pf],V
988.0,lm3rof,!rrda,[!rrda],[MS:blessing],N
989.0,lm3rof,New_Sentence,New_Sentence,New_Sentence,
990.0,lm3rof,iʁ,[iʁ],[if],
991.0,lm3rof,!zzulliʁ,[!zzulli-ʁ],[pray:pf-1S],V
992.0,lm3rof,New_Sentence,New_Sentence,New_Sentence,
993.0,lm3rof,iʁ,[iʁ],[if],
994.0,lm3rof,d,[d],[deic],
995.0,lm3rof,nkrʁ,[nkr-ʁ],[get up:pf-1S],V
996.0,lm3rof,New_Sentence,New_Sentence,New_Sentence,
997.0,lm3rof,ula,[ula],[and],
998.0,lm3rof,iʁ,[iʁ],[if],
999.0,lm3rof,mmnsiʁ,[mmnsi-ʁ],[go to sleep:pf-1S],V
1000.0,lm3rof,New_Sentence,New_Sentence,New_Sentence,
1001.0,lm3rof,ar,[ar],[AR],
1002.0,lm3rof,as,[a-s],[dat:3S],
1003.0,lm3rof,ttiniʁ,[tt-ini-ʁ],[say:Impf-1S],V
1004.0,lm3rof,awa,[awa],[so],
1005.0,lm3rof,a,[a],[Voc],
1006.0,lm3rof,jwi,[iwi],[MS:son],N
1007.0,lm3rof,ʕli,[ʕli],[Ali],N
1008.0,lm3rof,fkiʁ,[fki-ʁ],[give:pf-1S],V
1009.0,lm3rof,ak,[a-k],[dat:2MS],
1010.0,lm3rof,!rrda,[!rrda],[MS:blessing],N
1011.0,lm3rof,New_Sentence,New_Sentence,New_Sentence,
1012.0,lm3rof,mla,[mla],[if],
1013.0,lm3rof,jas,[a-s],[dat:3MS],
1014.0,lm3rof,tfkit,[t-fki-t],[2S-give:pf-2S],V
1015.0,lm3rof,!rrda,[!rrda],[MS:blessing],N
1016.0,lm3rof,ur,[ur],[neg],
1017.0,lm3rof,ak,[ad],[AD:Comp],
1018.0,lm3rof,km,[km],[Obj:2FS],
1019.0,lm3rof,jut,[i-ut],[3MS-hit:pf],V
1020.0,lm3rof,s,[s],[s],
1021.0,lm3rof,jat,[jat],[one:F],
1022.0,lm3rof,lhrawa,[l-hrawa],[FS:bludgeon],N
1023.0,lm3rof,isgrawl,[i-s-grawl],[3MS-Caus-topple:pf],V
1024.0,lm3rof,km,[km],[Obj:3FS],
1025.0,lm3rof,iluħnn,[i-luħ-nn],[3MS-throw:pf-deic],V
1026.0,lm3rof,kullu,[kullu],[all],
1027.0,lm3rof,uχsan,[uχs-an],[teeth],N
1028.0,lm3rof,nm,[n-m],[of-2FS],
1029.0,lm3rof,ass,[ass],[MSFS:day],N
1030.0,lm3rof,lliʁ,[lliʁ],[RelPro],
1031.0,lm3rof,idda,[i-dda],[3MS-dda],V
1032.0,lm3rof,New_Sentence,New_Sentence,New_Sentence,
1033.0,lm3rof,hati,[hati],[actually],
1034.0,lm3rof,a,[a],[Voc],
1035.0,lm3rof,gwma,[gwma],[MS:Brother],N
1036.0,lm3rof,lliʁ,[lliʁ],[When],
1037.0,lm3rof,ʁid,[ʁi-d],[here],
1038.0,lm3rof,illa,[i-lla],[3MS-be:pf],V
1039.0,lm3rof,ar,[ar],[AR],
1040.0,lm3rof,ittakwr,[i-tt-akwr],[3MS-steal:Impf],V
1041.0,lm3rof,New_Sentence,New_Sentence,New_Sentence,
1042.0,lm3rof,jukr,[i-ukr],[3MS-steal:pf],V
1043.0,lm3rof,agrtil,[a-grtil],[MSFS-grtil],N
1044.0,lm3rof,n,[n],[of],
1045.0,lm3rof,tmzgida,[t-mzgid-a],[FSCS-mosque],N
1046.0,lm3rof,New_Sentence,New_Sentence,New_Sentence,
1047.0,lm3rof,jukr,[i-ukr],[3MS-ukr],V
1048.0,lm3rof,d,[d],[Deic],
1049.0,lm3rof,a!zalim,[a-!zalim],[MSFS-onion],N
1050.0,lm3rof,i,[i],[to],
1051.0,lm3rof,w!mʒʒud,[w-!mʒʒud],[MSCS-scabby],N
1052.0,lm3rof,New_Sentence,New_Sentence,New_Sentence,
1053.0,lm3rof,muħmmad,[muħmmad],[muħmmad],N
1054.0,lm3rof,ara,[ara],[give:Imper:2S],V
1055.0,lm3rof,jat,[jat],[one:F],
1056.0,lm3rof,!lasqatin,[!lasqatin],[MP:leftovers],N
1057.0,lm3rof,n,[n],[of],
1058.0,lm3rof,ugrram,[u-grram],[MSCS-grram],N
1059.0,lm3rof,at,[ad],[AD:Comp],
1060.0,lm3rof,t,[t],[Obj:3MS],
1061.0,lm3rof,nzznz,[n-ss-nz],[2P-Caus-sale:Impf],V
1062.0,lm3rof,New_Sentence,New_Sentence,New_Sentence,
1063.0,lm3rof,hann,[ha-nn],[presentative-deic],
1064.0,lm3rof,truħ,[t-ruħ],[3FS-set:pf],V
1065.0,lm3rof,tafukt,[t-afuk-t],[FSFS:sun],N
1066.0,lm3rof,New_Sentence,New_Sentence,New_Sentence,
1067.0,lm3rof,ma,[mad],[Interr:what],
1068.0,lm3rof,ra,[rad],[RAD],
1069.0,lm3rof,nzzwur,[n-ss-zwur],[1P-Caus-be the first:Impf],V
1070.0,lm3rof,New_Sentence,New_Sentence,New_Sentence,
1071.0,lm3rof,ilm,[ilm],[MS:skin],N
1072.0,lm3rof,d,[d],[and],
1073.0,lm3rof,igwija,[i-gwij-a],[MPFS-head],N
1074.0,lm3rof,New_Sentence,New_Sentence,New_Sentence,
1075.0,lm3rof,mad,[mad],[Interr:what],
1076.0,lm3rof,as,[a-s],[dat:3MS],
1077.0,lm3rof,awa,[awa],[so],
1078.0,lm3rof,fkan,[fka-n],[give:pf-3MP],V
1079.0,lm3rof,New_Sentence,New_Sentence,New_Sentence,
1080.0,lm3rof,fkan,[fka-n],[give:pf-3MP],V
1081.0,lm3rof,asn,[a-sn],[dat:3MP],
1082.0,lm3rof,!ʕʃradrjal,[!ʕʃra d rjal],[ten rials],N
1083.0,lm3rof,New_Sentence,New_Sentence,New_Sentence,
1084.0,lm3rof,hann,[ha-nn],[presentative-deic],
1085.0,lm3rof,tlatin,[tlatin],[thirty],N
1086.0,lm3rof,New_Sentence,New_Sentence,New_Sentence,
1087.0,lm3rof,χmsawtlatin,[χmsa u tlatin],[Thirty five],N
1088.0,lm3rof,New_Sentence,New_Sentence,New_Sentence,
1089.0,lm3rof,!rbʕin,[!rbʕin],[forty],N
1090.0,lm3rof,New_Sentence,New_Sentence,New_Sentence,
1091.0,lm3rof,χmsaw!rbʕin,[χmsa u !rbʕin],[forty five],N
1092.0,lm3rof,New_Sentence,New_Sentence,New_Sentence,
1093.0,lm3rof,χmsin,[χmsin],[fifty],N
1094.0,lm3rof,New_Sentence,New_Sentence,New_Sentence,
1095.0,lm3rof,sttin,[sttin],[sixty],N
1096.0,lm3rof,New_Sentence,New_Sentence,New_Sentence,
1097.0,lm3rof,sbʕin,[sbʕin],[seventy],N
1098.0,lm3rof,New_Sentence,New_Sentence,New_Sentence,
1099.0,lm3rof,tmanin,[tmanin],[eighty],N
1100.0,lm3rof,New_Sentence,New_Sentence,New_Sentence,
1101.0,lm3rof,tsʕin,[tsʕin],[ninety],N
1102.0,lm3rof,New_Sentence,New_Sentence,New_Sentence,
1103.0,lm3rof,ajh,[ajh],[Interj],
1104.0,lm3rof,muħmmad,[muħmmad],[muħmmad],N
1105.0,lm3rof,matta,[matta],[What],
1106.0,lm3rof,ʁajad,[ʁaja-d],[DemPron-Deic:this],
1107.0,lm3rof,illan,[i-lla-n],[3MS-exist:pf-partic],V
1108.0,lm3rof,ʁ,[ʁ],[in],
1109.0,lm3rof,igwija,[i-gwij-a],[MPFS-head],N
1110.0,lm3rof,New_Sentence,New_Sentence,New_Sentence,
1111.0,lm3rof,χmsawtsʕin,[χmsa u tsʕin],[ninety five],N
1112.0,lm3rof,New_Sentence,New_Sentence,New_Sentence,
1113.0,lm3rof,mat,[mad],[Interr:what],
1114.0,lm3rof,tnt,[tnt],[Obj:3FP],
1115.0,lm3rof,awa,[awa],[so],
1116.0,lm3rof,ifkan,[i-fka-n],[3MS-give:pf-partic],V
1117.0,lm3rof,New_Sentence,New_Sentence,New_Sentence,
1118.0,lm3rof,ʕli,[ʕli],[Ali],N
1119.0,lm3rof,New_Sentence,New_Sentence,New_Sentence,
1120.0,lm3rof,zznzat,[ss-nz-at],[Caus-sale:Imper-2MP],V
1121.0,lm3rof,as,[a-s],[dat:3MS],
1122.0,lm3rof,awddi,[awddi],[awddi],
1123.0,lm3rof,New_Sentence,New_Sentence,New_Sentence,
1124.0,lm3rof,igllin,[i-glli-n],[MSFS:Poor man],N
1125.0,lm3rof,iga,[i-ga],[3MS-be:pf],V
1126.0,lm3rof,aʁar,[aʁar],[just],
1127.0,lm3rof,lmskin,[l-mskin],[MS:poor],N
1128.0,lm3rof,New_Sentence,New_Sentence,New_Sentence,
1129.0,lm3rof,taʁawsa,[taʁawsa],[FSFS:thing],N
1130.0,lm3rof,ar,[ar],[AR],
1131.0,lm3rof,nn,[nn],[deic],
1132.0,lm3rof,ttkka,[t-tt-kka],[3FS-pass:Impf],V
1133.0,lm3rof,asggwas,[a-sggwas],[MSFS-year],N
1134.0,lm3rof,New_Sentence,New_Sentence,New_Sentence,
1135.0,lm3rof,ara,[ara],[give:Imper:2S],V
1136.0,lm3rof,ta,[ta],[ta],
1137.0,lm3rof,!tidorin,[!ti-dor-in],[FP:offals],N
1138.0,lm3rof,ann,[ann],[DemDet:Deic:that],
1139.0,lm3rof,New_Sentence,New_Sentence,New_Sentence,
1140.0,lm3rof,mad,[mad],[Interr:what],
1141.0,lm3rof,asnt,[a-snt],[dat:3FP],
1142.0,lm3rof,awa,[awa],[so],
1143.0,lm3rof,fkan,[fka-n],[give:pf-3MP],V
1144.0,lm3rof,New_Sentence,New_Sentence,New_Sentence,
1145.0,lm3rof,mijtajnrjal,[mijtajn rjal],[two hundred rials],N
1146.0,lm3rof,New_Sentence,New_Sentence,New_Sentence,
1147.0,lm3rof,mijtajnu!rbʕin,[mijtajn u !rbʕin],[two hundred],N
1148.0,lm3rof,New_Sentence,New_Sentence,New_Sentence,
1149.0,lm3rof,uχmsin,[u χmsin],[and fifty],N
1150.0,lm3rof,New_Sentence,New_Sentence,New_Sentence,
1151.0,lm3rof,sttin,[sttin],[sixty],N
1152.0,lm3rof,New_Sentence,New_Sentence,New_Sentence,
1153.0,lm3rof,sbʕin,[sbʕin],[seventy],N
1154.0,lm3rof,New_Sentence,New_Sentence,New_Sentence,
1155.0,lm3rof,tltmija,[tlt mija],[three hundreds],N
1156.0,lm3rof,New_Sentence,New_Sentence,New_Sentence,
1157.0,lm3rof,wa,[wa],[so],
1158.0,lm3rof,tltmija,[tlt mija],[three hundreds],N
1159.0,lm3rof,New_Sentence,New_Sentence,New_Sentence,
1160.0,lm3rof,mat,[mad],[Interr:what],
1161.0,lm3rof,tnt,[tnt],[Obj:3FP],
1162.0,lm3rof,awa,[awa],[so],
1163.0,lm3rof,ifkan,[i-fka-n],[3MS-give:pf-partic],V
1164.0,lm3rof,New_Sentence,New_Sentence,New_Sentence,
1165.0,lm3rof,!ttalb,[!ttalb],[the master],N
1166.0,lm3rof,n,[n],[of],
1167.0,lm3rof,tmzgida,[t-mzgid-a],[FSCS-mosque],N
1168.0,lm3rof,New_Sentence,New_Sentence,New_Sentence,
1169.0,lm3rof,awa,[awa],[so],
1170.0,lm3rof,hati,[hati],[actually],
1171.0,lm3rof,zrint,[zri-nt],[zri-nt],V
1172.0,lm3rof,gis,[gi-s],[in-3MS],
1173.0,lm3rof,New_Sentence,New_Sentence,New_Sentence,
1174.0,lm3rof,fkat,[fk-at],[give:Imper-2MP],V
1175.0,lm3rof,awddi,[awddi],[awddi],
1176.0,lm3rof,i,[i],[to],
1177.0,lm3rof,!ttalb,[!ttalb],[the master],N
1178.0,lm3rof,ʁd,[ʁd],[also],
1179.0,lm3rof,ntta,[ntta],[him],
1180.0,lm3rof,New_Sentence,New_Sentence,New_Sentence,
1181.0,lm3rof,hati,[hati],[actually],
1182.0,lm3rof,zrint,[zri-nt],[zri-nt],V
1183.0,lm3rof,gis,[gi-s],[in-3MS],
1184.0,lm3rof,New_Sentence,New_Sentence,New_Sentence,
1185.0,lm3rof,!llah,[!llah],[MS:God],N
1186.0,lm3rof,iʒʕl,[i-ʒʕl],[3MS-make:ao],V
1187.0,lm3rof,l!baraka,[l-!baraka],[FS:benediction],N
1188.0,lm3rof,New_Sentence,New_Sentence,New_Sentence,
1189.0,lm3rof,ma,[mad],[Interr:what],
1190.0,lm3rof,jʁaman,[i-ʁama-n],[3-stay:pf-partic],V
1191.0,lm3rof,l,[n],[of],
1192.0,lm3rof,l!χnodat,[l-!χnod-at],[l-!χnod-at],N
1193.0,lm3rof,New_Sentence,New_Sentence,New_Sentence,
1194.0,lm3rof,mat,[mad],[Interr:what],
1195.0,lm3rof,tnt,[tnt],[Obj:3FP],
1196.0,lm3rof,awa,[awa],[so],
1197.0,lm3rof,jgan,[i-ga-n],[j-ga-n],V
1198.0,lm3rof,New_Sentence,New_Sentence,New_Sentence,
1199.0,lm3rof,haj,[haj],[here I am],
1200.0,lm3rof,New_Sentence,New_Sentence,New_Sentence,
1201.0,lm3rof,walajnni,[walajnni],[but],
1202.0,,,,,
1203.0,lm3rof,awa,[awa],[so],
1204.0,lm3rof,muħmmad,[muħmmad],[muħmmad],N
1205.0,lm3rof,mat,[mad],[Interr:what],
1206.0,lm3rof,tzznzam,[t-ss-nza-m],[2-Caus-sell:Impf-MP],V
1207.0,lm3rof,ʁ,[ʁ],[in],
1208.0,lm3rof,l!mʕrof,[l-!mʕrof],[MS:slaughter],N
1209.0,lm3rof,a,[a-d],[DemDet-Deic:this] ,
1210.0,lm3rof,New_Sentence,New_Sentence,New_Sentence,
1211.0,lm3rof,ħaqqan,[ħaqqan],[maybe],
1212.0,lm3rof,rat,[rad],[RAD],
1213.0,lm3rof,tzznzm,[t-ss-nz-m],[2-Caus-sell:ao-MP],V
1214.0,lm3rof,ħtta,[ħtta],[even],
1215.0,lm3rof,irukutn,[i-ruku-tn],[MPFS-ruku-tn],N
1216.0,lm3rof,n,[n],[of],
1217.0,lm3rof,tmzgida,[t-mzgid-a],[FSCS-mosque],N
1218.0,lm3rof,New_Sentence,New_Sentence,New_Sentence,
1219.0,lm3rof,l!χnodat,[l-!χnod-at],[l-!χnod-at],N
1220.0,lm3rof,tgat,[t-ga-t],[3FS-sell:pf],V
1221.0,lm3rof,tgwlla,[t-gwlla],[FSCS:mush],N
1222.0,lm3rof,ur,[ur],[neg],
1223.0,lm3rof,ilin,[i-li-n],[3MS-be:ao-partic],V
1224.0,lm3rof,tisnt,[tisnt],[tisnt],N
1225.0,lm3rof,ula,[ula],[and],
1226.0,lm3rof,tkka,[t-kka],[3FS-pass through:pf],V
1227.0,lm3rof,tisnt,[tisnt],[tisnt],N
1228.0,lm3rof,New_Sentence,New_Sentence,New_Sentence,
1229.0,lm3rof,mad,[mad],[Interr:what],
1230.0,lm3rof,as,[a-s],[dat:3S],
1231.0,lm3rof,fkan,[fka-n],[give:pf-3MS],V
1232.0,lm3rof,New_Sentence,New_Sentence,New_Sentence,
1233.0,lm3rof,fkan,[fka-n],[give:pf-3MS],V
1234.0,lm3rof,as,[a-s],[dat:3S],
1235.0,lm3rof,mraw rjal,[mraw rjal],[ten rials],N
1236.0,lm3rof,New_Sentence,New_Sentence,New_Sentence,
1237.0,lm3rof,mraw rjal,[mraw rjal],[ten rials],N
1238.0,lm3rof,New_Sentence,New_Sentence,New_Sentence,
1239.0,lm3rof,!tnaʕaʃrjal,[!tnaʕaʃ rjal],[twelve rials],N
1240.0,lm3rof,New_Sentence,New_Sentence,New_Sentence,
1241.0,lm3rof,!χmsttaʕʃrjal,[!χmsttaʕʃ rjal],[fifteen rials],N
1242.0,lm3rof,New_Sentence,New_Sentence,New_Sentence,
1243.0,lm3rof,ʕʃrinrjal,[ʕʃrin rjal],[twenty rials],N
1244.0,lm3rof,New_Sentence,New_Sentence,New_Sentence,
1245.0,lm3rof,ur,[ur],[neg],
1246.0,lm3rof,illi,[i-lli],[3MS-be:pf],V
1247.0,lm3rof,ma,[mad],[Pron:what],
1248.0,lm3rof,fll,[fll],[on],
1249.0,lm3rof,as,[a-s],[dat:3MS],
1250.0,lm3rof,ittzajadn,[i-tt-zajad-n],[3MS-outbid:Impf-partic],V
1251.0,lm3rof,New_Sentence,New_Sentence,New_Sentence,
1252.0,lm3rof,mat,[mad],[interrPron:who],
1253.0,lm3rof,tn,[tn],[Obj:3MP],
1254.0,lm3rof,ifkan,[i-fka-n],[3MS-give:pf-partic],V
1255.0,lm3rof,New_Sentence,New_Sentence,New_Sentence,
1256.0,lm3rof,zajna,[zajna],[Zayna],N
1257.0,lm3rof,ʕddi,[ʕddi],[Aaddi],N
1258.0,lm3rof,New_Sentence,New_Sentence,New_Sentence,
1259.0,lm3rof,fkat,[fk-at],[give:Imper-2MP],V
1260.0,lm3rof,awddi,[awddi],[awddi],
1261.0,lm3rof,i,[i],[to],
1262.0,lm3rof,zajna,[zajna],[Zayna],N
1263.0,lm3rof,ʕddi,[ʕddi],[Aaddi],N
1264.0,lm3rof,tgllint,[t-gllin-t],[FSCS-poor],N
1265.0,lm3rof,New_Sentence,New_Sentence,New_Sentence,
1266.0,lm3rof,hati,[hati],[actually],
1267.0,lm3rof,dars,[dar-s],[at-3S],
1268.0,lm3rof,igigiln,[igigil-n],[MPFS-orphan],N
1269.0,lm3rof,New_Sentence,New_Sentence,New_Sentence,
1270.0,lm3rof,izd,[izd],[Interr],
1271.0,lm3rof,a,[a],[Voc],
1272.0,lm3rof,muħmmad,[muħmmad],[muħmmad],N
1273.0,lm3rof,ur,[ur],[neg],
1274.0,lm3rof,ʁinn,[ʁi-nn],[there],
1275.0,lm3rof,illi,[i-lli],[3MS-be:pf],V
1276.0,lm3rof,wmʁar,[w-mʁar],[MSCS-Community leader],N
1277.0,lm3rof,New_Sentence,New_Sentence,New_Sentence,
1278.0,lm3rof,lala,[la la],[no no],
1279.0,lm3rof,New_Sentence,New_Sentence,New_Sentence,
1280.0,lm3rof,hann,[ha-nn],[presentative-deic],
1281.0,lm3rof,iwi,[iwi],[MS:son],N
1282.0,lm3rof,s,[s],[his],
1283.0,lm3rof,n,[n],[of],
1284.0,lm3rof,u!mʒʒud,[u-!mʒʒud],[MSCS-scabby],N
1285.0,lm3rof,jukr,[i-ukr],[3MS-steal:pf],V
1286.0,lm3rof,!taʁatt,[!ta-ʁad-t],[FSFS-goat],N
1287.0,lm3rof,i,[i],[i],
1288.0,lm3rof,blla,[blla],[Bella],N
1289.0,lm3rof,u,[u],[son of],
1290.0,lm3rof,ʕli,[ʕli],[Ali],N
1291.0,lm3rof,New_Sentence,New_Sentence,New_Sentence,
1292.0,lm3rof,ʁikka,[ʁikka],[now],
1293.0,lm3rof,!ʁrad,[!ʁr-at],[call:Imper-2MP],V
1294.0,lm3rof,d,[d],[Deic],
1295.0,lm3rof,i,[i],[i],
1296.0,lm3rof,warraw,[w-arraw],[MPCS-child],N
1297.0,lm3rof,l,[of],[of],
1298.0,lm3rof,!lħħram,[!l-ħħram],[MS:sinful],N
1299.0,lm3rof,at,[ad],[AD:Comp],
1300.0,lm3rof,t,[t],[Obj:3MS],
1301.0,lm3rof,awin,[awi-n],[lead away:Ao:-3MP],V
1302.0,lm3rof,dar,[dar],[at],
1303.0,lm3rof,umʁar,[u-mʁar],[MSCS-Community leader],N
1304.0,lm3rof,at,[ad],[AD:Comp],
1305.0,lm3rof,t,[t],[Obj:3MS],
1306.0,lm3rof,inn,[inn],[deic],
1307.0,lm3rof,iqqn,[i-qqn],[3MS-lock up:Ao],V
1308.0,lm3rof,ʁ,[ʁ],[in],
1309.0,lm3rof,lħbs,[l-ħbs],[the-jail],N
1310.0,lm3rof,New_Sentence,New_Sentence,New_Sentence,
1311.0,lm3rof,amʁar,[a-mʁar],[MSFS-Community leader],N
1312.0,lm3rof,ssalamuʕalajkum,[ssalamuʕalajkum],[peace on you],
1313.0,lm3rof,New_Sentence,New_Sentence,New_Sentence,
1314.0,lm3rof,ʕlikumssalam,[ʕlikumssalam],[peace on you],
1315.0,lm3rof,New_Sentence,New_Sentence,New_Sentence,
1316.0,lm3rof,awa,[awa],[so],
1317.0,lm3rof,a,[a],[voc],
1318.0,lm3rof,jamʁar,[a-mʁar],[MSFS-Community leader],N
1319.0,lm3rof,maj,[mad],[Interr:what],
1320.0,lm3rof,ak,[a-k],[dat:2MS],
1321.0,lm3rof,ibann,[i-bann],[3MS-appear:ao],V
1322.0,lm3rof,New_Sentence,New_Sentence,New_Sentence,
1323.0,lm3rof,hati,[hati],[actually],
1324.0,lm3rof,iwi,[iwi],[MS:son],
1325.0,lm3rof,i!sdr,[i-!sdr],[3MS-pronounce:pf],V
1326.0,lm3rof,fll,[fll],[on],
1327.0,lm3rof,as,[a-s],[dat:3MS],
1328.0,lm3rof,blla,[blla],[Bella],N
1329.0,lm3rof,u,[u],[son of],
1330.0,lm3rof,ʕli,[ʕli],[Ali],N
1331.0,lm3rof,l!badl,[l-!badl],[MS:false accusation],N
1332.0,lm3rof,New_Sentence,New_Sentence,New_Sentence,
1333.0,lm3rof,inna,[i-nna],[3MS-say:pf],V
1334.0,lm3rof,jas,[a-s],[dat:3S],
1335.0,lm3rof,tukrt,[t-ukr-t],[2S-steal:pf-2S],N
1336.0,lm3rof,iji,[iji],[dat:1S],
1337.0,lm3rof,!taʁatt,[!ta-ʁat-t],[FSFS-goat],N
1338.0,lm3rof,ntta,[ntta],[him],
1339.0,lm3rof,New_Sentence,New_Sentence,New_Sentence,
1340.0,lm3rof,ajwa,[ajwa],[so],
1341.0,lm3rof,muħmmad,[muħmmad],[muħmmad],N
1342.0,lm3rof,iwi,[iwi],[MS:son],N
1343.0,lm3rof,k,[k],[PossDet:2S],
1344.0,lm3rof,hann,[ha-nn],[presentative-deic],
1345.0,lm3rof,ar,[ar],[AR],
1346.0,lm3rof,ittakwr,[i-tt-akwr],[3MS-steal:Impf],V
1347.0,lm3rof,New_Sentence,New_Sentence,New_Sentence,
1348.0,lm3rof,iʁdd,[iʁdd],[regarding],
1349.0,lm3rof,!tukkwrda,[!tukkwrda],[MSFS:stealing],N
1350.0,lm3rof,lli,[lli],[RelPro],
1351.0,lm3rof,jllan,[i-lla-n],[3S-be:pf-partic],V
1352.0,lm3rof,ʁ,[ʁ],[from],
1353.0,lm3rof,iwi,[iwi],[MS:son],N
1354.0,lm3rof,k,[k],[PossDet:2S],
1355.0,,ur,[ur],[neg],
1356.0,lm3rof,ʒʒud,[ʒʒud],[never],
1357.0,lm3rof,nkki,[nkki],[me],N
1358.0,lm3rof,ad,[ad],[AD:Comp],
1359.0,lm3rof,stt,[stt],[Obj:3FS],
1360.0,lm3rof,i!zran,[i-!zra-n],[3MS-see:pf-partic],V
1361.0,lm3rof,New_Sentence,New_Sentence,New_Sentence,
1362.0,lm3rof,jukr,[i-ukr],[3MS-steal:pf],V
1363.0,lm3rof,tagrtilt,[ta-grtil-t],[FSFS:braid],N
1364.0,lm3rof,n,[n],[of],
1365.0,lm3rof,tmzgida,[t-mzgid-a],[FSCS-mosque],N
1366.0,lm3rof,New_Sentence,New_Sentence,New_Sentence,
1367.0,lm3rof,jukr,[i-ukr],[3MS-steal:pf],V
1368.0,lm3rof,liqqamt,[l-iqqam-t],[FS:mint],N
1369.0,lm3rof,i,[i],[to],
1370.0,lm3rof,ʕli,[ʕli],[Ali],N
1371.0,lm3rof,New_Sentence,New_Sentence,New_Sentence,
1372.0,lm3rof,jukr,[i-ukr],[3MS-steal:pf],V
1373.0,lm3rof,a!zalim,[a-!zalim],[MSFS-onion],N
1374.0,lm3rof,i,[i],[to],
1375.0,lm3rof,bihi,[bihi],[Bihi],N
1376.0,lm3rof,New_Sentence,New_Sentence,New_Sentence,
1377.0,lm3rof,jukr,[i-ukr],[3MS-steal:pf],V
1378.0,lm3rof,tafullust,[ta-fullus-t],[FSFS-hen],N
1379.0,lm3rof,i,[i],[to],
1380.0,lm3rof,nʒma,[nʒma],[Nejma],N
1381.0,lm3rof,ʕddi,[ʕddi],[Aaddi],N
1382.0,lm3rof,New_Sentence,New_Sentence,New_Sentence,
1383.0,lm3rof,aʒʒ,[aʒʒ],[let:Imper:2S],V
1384.0,lm3rof,aʁ,[aʁ],[Obj:1P],
1385.0,lm3rof,a,[ad],[AD:Comp],
1386.0,lm3rof,nazn,[n-azn],[1P-send:ao],V
1387.0,lm3rof,iwi,[iwi],[MS:son],N
1388.0,lm3rof,k,[k],[PossDet:2S],
1389.0,lm3rof,s,[s],[to],
1390.0,lm3rof,lbiru,[l-biru],[headquarters of the authorities],N
1391.0,lm3rof,New_Sentence,New_Sentence,New_Sentence,
1392.0,lm3rof,i!rbbi,[i!rbbi],[Please],N
1393.0,lm3rof,awddi,[awddi],[awddi],
1394.0,lm3rof,a,[a],[Voc],
1395.0,lm3rof,jamʁar,[a-mʁar],[MSFS-Community leader],N
1396.0,lm3rof,New_Sentence,New_Sentence,New_Sentence,
1397.0,lm3rof,ʕla!rbbi,[ʕla!rbbi],[Please],
1398.0,lm3rof,aʁar,[aʁar],[just],
1399.0,lm3rof,!ddor,[!ddor],[MS:round],N
1400.0,lm3rof,a,[a-d],[DemDet-Deic:this],
1401.0,lm3rof,New_Sentence,New_Sentence,New_Sentence,
1402.0,lm3rof,awa,[awa],[so],
1403.0,lm3rof,bdda,[bdda],[always],
1404.0,lm3rof,nttsamaħ,[n-tt-samaħ],[1P-forgive:Impf],V
1405.0,lm3rof,a,[a],[Voc],
1406.0,lm3rof,muħmmad,[muħmmad],[muħmmad],N
1407.0,lm3rof,i,[i],[to],
1408.0,lm3rof,wmχχar,[w-mχχar],[MSCS-thief],N
1409.0,lm3rof,New_Sentence,New_Sentence,New_Sentence,
1410.0,lm3rof,hati,[hati],[actually],
1411.0,lm3rof,nkkni,[nkkni],[we:M],
1412.0,lm3rof,a,[ad],[AD:Comp],
1413.0,lm3rof,ra,[rad],[RAD],
1414.0,lm3rof,jg,[i-g],[3MS-be:ao],V
1415.0,lm3rof,imχχarn,i-mχχar-n,[MPFS-thief],N
1416.0,lm3rof,iʁ,[iʁ],[if],
1417.0,lm3rof,a,[ar],[AR],
1418.0,lm3rof,nttsamaħ,[n-tt-samaħ],[1P-forgive:Impf],V
1419.0,lm3rof,i,[i],[to],
1420.0,lm3rof,jmχχarn,[i-mχχar-n],[MPCS-thief],N
1421.0,lm3rof,New_Sentence,New_Sentence,New_Sentence,
1422.0,lm3rof,i!rbbi,[i!rbbi],[Please],N
1423.0,lm3rof,awddi,[awddi],[awddi],
1424.0,lm3rof,a,[a],[Voc],
1425.0,lm3rof,j,[j],[epen],
1426.0,lm3rof,amʁar,[a-mʁar],[MSFS-Community leader],N
1427.0,lm3rof,New_Sentence,New_Sentence,New_Sentence,
1428.0,lm3rof,awa,[awa],[so],
1429.0,lm3rof,hatinn,[ha-t-inn],[presentative-3MS-deic],
1430.0,lm3rof,nsamħ,[n-samħ],[1P-forgive:pf],V
1431.0,lm3rof,as,[a-s],[dat:3S],
1432.0,lm3rof,New_Sentence,New_Sentence,New_Sentence,
1433.0,lm3rof,tamʁart,[ta-mʁar-t],[FSFS:woman],N
1434.0,lm3rof,New_Sentence,New_Sentence,New_Sentence,
1435.0,lm3rof,i!rbbi,[i!rbbi],[Please],N
1436.0,lm3rof,awddi,[awddi],[awddi],
1437.0,lm3rof,a,[a],[Voc],
1438.0,lm3rof,j,[j],[epen],
1439.0,lm3rof,amʁar,[a-mʁar],[MSFS-Community leader],N
1440.0,lm3rof,New_Sentence,New_Sentence,New_Sentence,
1441.0,lm3rof,!ħorma,[!ħorma],[FS:mercy],N
1442.0,lm3rof,nk,[n-k],[PossDet:2MS],
1443.0,lm3rof,New_Sentence,New_Sentence,New_Sentence,
1444.0,lm3rof,iwi,[iwi],[MS:son],
1445.0,lm3rof,ħnna,[ħnna],cherished,N
1446.0,lm3rof,ur,[ur],[neg],
1447.0,lm3rof,riʁ,[ri-ʁ],[want:pf-1S],V
1448.0,lm3rof,at,[ad],[AD:Comp],
1449.0,lm3rof,t,[t],[obj:3MS],
1450.0,lm3rof,inn,[inn],[deic],
1451.0,lm3rof,ttmnadʁ,[tt-mnad-ʁ],[watch:Impf-1S],V
1452.0,lm3rof,ʁ,[ʁ],[in],
1453.0,lm3rof,lħabs,[l-ħabs],[the jail],N
1454.0,lm3rof,New_Sentence,New_Sentence,New_Sentence,
1455.0,lm3rof,hati,[hati],[actually],
1456.0,lm3rof,kmmi,[kmmi],[you:FS],N
1457.0,lm3rof,a,[a],[Voc],
1458.0,lm3rof,χalti,[χalti],[aunt],N
1459.0,lm3rof,iʒʒu,[iʒʒu],[Ijjou],
1460.0,lm3rof,a,[ad],[AD:Comp],
1461.0,lm3rof,jttarun,[i-tt-aru-n],[3MS-bear:Impf-partic],V
1462.0,lm3rof,i-mχχar-n,[i-mχχar-n],[MPFS-thief],N
1463.0,lm3rof,New_Sentence,New_Sentence,New_Sentence,
1464.0,lm3rof,is,[is],[Interr],
1465.0,lm3rof,jadlli,[jadlli],[anyway],
1466.0,lm3rof,raj,[rad],[RAD],
1467.0,lm3rof,am,[a-m],[dat:2FS],
1468.0,lm3rof,t,[t],[Obj:3MS],
1469.0,lm3rof,kksʁ,[kks-ʁ],[take away:ao-1S],V
1470.0,lm3rof,at,[ad],[AD:comp],
1471.0,lm3rof,t,[t],[Obj:3MS],
1472.0,lm3rof,awiʁ,[awi-ʁ],[take away:ao-1S],V
1473.0,lm3rof,s,[s],[to],
1474.0,lm3rof,lħabs,[l-ħabs],[the jail],N
1475.0,lm3rof,ula,[ula],[and],
1476.0,lm3rof,at,[ad],[AD:comp],
1477.0,lm3rof,t,[t],[Obj:3MS],
1478.0,lm3rof,inn,[inn],[deic],
1479.0,lm3rof,gis,[gi-s],[in-3MS],
1480.0,lm3rof,flʁ,[fl-ʁ],[leave:ao-1S],V
1481.0,lm3rof,New_Sentence,New_Sentence,New_Sentence,
1482.0,lm3rof,i,[i],[to],
1483.0,lm3rof,jwi,[iwi],[MSCS:son],N
1484.0,lm3rof,s,[s],[PossDet:3S],
1485.0,lm3rof,New_Sentence,New_Sentence,New_Sentence,
1486.0,lm3rof,awa,[awa],[so],
1487.0,lm3rof,zajd,[zajd],[go ahead:Imper:2S],V
1488.0,lm3rof,a,[a],[Voc],
1489.0,lm3rof,l!mzʁob,[l-!mzʁob],[MS:unthankful],N
1490.0,lm3rof,a,[ad],[AD:comp],
1491.0,lm3rof,fll,[fll],[on],
1492.0,lm3rof,ak,[a-k],[dat:2MS],
1493.0,lm3rof,i!sχt,[i-!sχt],[3MS-damn:ao],V
1494.0,lm3rof,i!rbbi,[i!rbbi],[Please],N
1495.0,lm3rof,New_Sentence,New_Sentence,New_Sentence,
1496.0,lm3rof,amin,[amin],[Amen],
1497.0,lm3rof,aʃku,[aʃku],[because],
1498.0,lm3rof,ħtta,[ħtta],[too],
1499.0,lm3rof,nkki,[nkki],[me],N
1500.0,lm3rof,ur,[ur],[neg],
1501.0,lm3rof,riʁ,[ri-ʁ],[want:pf-1S],V
1502.0,lm3rof,arwass,[arwass],[MSFS:Hell],N
1503.0,lm3rof,New_Sentence,New_Sentence,New_Sentence,
1504.0,lm3rof,i!rbbi,[i!rbbi],[Please],N
1505.0,lm3rof,a,[a],[Voc],
1506.0,lm3rof,jwi,[iwi],[MS:son],N
1507.0,lm3rof,fkiʁ,[fki-ʁ],[give:pf-1S],V
1508.0,lm3rof,ak,[a-k],[dat:2MS],
1509.0,lm3rof,!rrda,[!rrda],[MS:blessing],N
1510.0,lm3rof,a,[ad],[AD:Comp],
1511.0,lm3rof,sul,[sul],[more],
1512.0,lm3rof,ur,[ur],[neg],
1513.0,lm3rof,[tttakwrt],[t-tt-akwr-t],[2S-steal:Impf:2S],V
1514.0,lm3rof,New_Sentence,New_Sentence,New_Sentence,
1515.0,lm3rof,ʕli,[ʕli],[Ali],N
1516.0,lm3rof,mat,[mad],[Interr:what],
1517.0,lm3rof,ttinin,[t-tt-ini-n],[3MP-say:impf-3MP],V
1518.0,lm3rof,ʁwi,[ʁ-wi],[DemPron:MP],
1519.0,lm3rof,nn,[nn],[deic],
1520.0,lm3rof,ʁ,[ʁ],[in],
1521.0,lm3rof,imi,[imi],[MS:mouth],N
1522.0,lm3rof,n,[n],[of],
1523.0,lm3rof,tmzgida,[t-mzgid-a],[FSCS-mosque],N
1524.0,lm3rof,New_Sentence,New_Sentence,New_Sentence,
1525.0,lm3rof,ʁwi,[ʁ-wi],[DemPron:MP],
1526.0,lm3rof,nn,[nn],[deic],V
1527.0,lm3rof,i,[n],[of],
1528.0,lm3rof,jmi,[imi],[MS:mouth],N
1529.0,lm3rof,n,[n],[of],
1530.0,lm3rof,tmzgida,[t-mzgid-a],[FSCS-mosque],N
1531.0,lm3rof,ħaqqan,[ħaqqan],[maybe],
1532.0,lm3rof,is,[is],[Comp],
1533.0,lm3rof,nnan,[nna-n],[say:pf-3MP],
1534.0,lm3rof,ran,[ra-n],[want:pf-3MP],V
1535.0,lm3rof,ad,[ad],[AD:Comp],
1536.0,lm3rof,d,[d],[Deic],
1537.0,lm3rof,kkin,[kki-n],[pass through:ao-3MP],V
1538.0,lm3rof,ammas,[ammas],[into],N
1539.0,lm3rof,n,[n],[of],
1540.0,lm3rof,dar,[dar],[at chez],
1541.0,lm3rof,blla,[blla],[Bella],N
1542.0,lm3rof,u,[u],[son of],
1543.0,lm3rof,ʕli,[ʕli],[Ali],N
1544.0,lm3rof,New_Sentence,New_Sentence,New_Sentence,
1545.0,lm3rof,hati,[hati],[actually],
1546.0,lm3rof,ra,[rad],[RAD],
1547.0,lm3rof,jskr,[i-skr],[3MS-do:ao],V
1548.0,lm3rof,tamʁra,[ta-mʁra],[FSFS-wedding],N
1549.0,lm3rof,New_Sentence,New_Sentence,New_Sentence,
1550.0,lm3rof,i,[i],[to],
1551.0,lm3rof,mi,[mi],[whom],
1552.0,lm3rof,New_Sentence,New_Sentence,New_Sentence,
1553.0,lm3rof,i,[i],[to],
1554.0,lm3rof,jlli,[illi],[FS:daughter],N
1555.0,lm3rof,s,[s],[PossDet:3S],
1556.0,lm3rof,New_Sentence,New_Sentence,New_Sentence,
1557.0,lm3rof,ma,[man],[Inter],
1558.0,lm3rof,mi,[mi],[who],
1559.0,lm3rof,stt,[stt],[Obj:3FS],
1560.0,lm3rof,ifka,[i-fka],[3MS-give:pf],V
1561.0,lm3rof,New_Sentence,New_Sentence,New_Sentence,
1562.0,lm3rof,iwi,[iwi],[MS:son],N
1563.0,lm3rof,s,[s],[PossDet:3S],
1564.0,lm3rof,n,[n],[of],
1565.0,lm3rof,umzil,[u-mzil],[MSCS-smith],N
1566.0,lm3rof,ar,[ar],[AR],
1567.0,lm3rof,a,[ad],[AD:Comp],
1568.0,lm3rof,stt,[stt],[Obj:3FS],
1569.0,lm3rof,jawi,[i-awi],[3MS-marry:pf],V
1570.0,lm3rof,New_Sentence,New_Sentence,New_Sentence,
1571.0,lm3rof,a!llah,[a!llah],[O Allah],N
1572.0,lm3rof,awddi,[awddi],[awddi],
1573.0,lm3rof,hann,[ha-nn],[presentative-deic],
1574.0,lm3rof,iwi,[iwi],[MS:son],N
1575.0,lm3rof,s,[s],[PossDet:3S],
1576.0,lm3rof,n,[n],[of],
1577.0,lm3rof,umzil,[u-mzil],[MSCS:smith],N
1578.0,lm3rof,ħtta,[ħtta],[too],
1579.0,lm3rof,ntta,[ntta],[him],
1580.0,lm3rof,rat,[rad],[RAD],
1581.0,lm3rof,t,[t],[Obj:3MS],
1582.0,lm3rof,nit,[nit],[soon],
1583.0,lm3rof,awin,[awi-n],[take:ao-3MP],V
1584.0,lm3rof,s,[s],[to],
1585.0,lm3rof,lħbs,[l-ħbs],[the-jail],N
1586.0,lm3rof,New_Sentence,New_Sentence,New_Sentence,
1587.0,lm3rof,maχχ,[maχχ],[why],
1588.0,lm3rof,ma,[mad],[Interr:what],
1589.0,lm3rof,jskr,[i-skr],[3MS-do:pf],V
1590.0,lm3rof,New_Sentence,New_Sentence,New_Sentence,
1591.0,lm3rof,walajnni,[walajnni],[but],
1592.0,lm3rof,awddi,[awddi],[awddi],
1593.0,lm3rof,ħtta,[ħtta],[too],
1594.0,lm3rof,kiji,[kiji],[you:MS],N
1595.0,lm3rof,a,[a],[Voc],
1596.0,lm3rof,muħmmad,[muħmmad],[muħmmad],N
1597.0,lm3rof,hati,[hati],[actually],
1598.0,lm3rof,ħaqqan,[ħaqqan],[maybe],
1599.0,lm3rof,jut,[i-ut],[3MS-beat:pf],V
1600.0,lm3rof,inna,[inna],[FS:mother],V
1601.0,lm3rof,s,[s],[PossDet:3S],
1602.0,lm3rof,iluħ,[i-luħ],[3MS-throw:pf],V
1603.0,lm3rof,nn,[nn],[deic],
1604.0,lm3rof,kullu,[kullu],[all],
1605.0,lm3rof,bulhmum,[bu-l-hmum],[MS:careworn],N
1606.0,lm3rof,ns,[n-s],[PossDet:3S],
1607.0,lm3rof,New_Sentence,New_Sentence,New_Sentence,
1608.0,lm3rof,hann,[ha-nn],[presentative-deic],
1609.0,lm3rof,baba,[baba],[father],N
1610.0,lm3rof,s,[s],[PossDet:3S],
1611.0,lm3rof,i!rza,[i-!rza],[3MS-broke:pf],V
1612.0,lm3rof,a!dar,[a-!dar],[MSFS-foot],N
1613.0,lm3rof,ns,[n-s],[PossDet:3S],
1614.0,lm3rof,ula,[ula],[too],
1615.0,lm3rof,ntta,[ntta],[him],N
1616.0,lm3rof,New_Sentence,New_Sentence,New_Sentence,
1617.0,lm3rof,a!latif,[a-!latif],[merciful God],N
1618.0,lm3rof,ad,[ad],[AD:Comp],
1619.0,lm3rof,aʁ,[a-ʁ],[dat:1P],
1620.0,lm3rof,inʒʒa,[i-nʒʒa],[3MS-protect:pf],V
1621.0,lm3rof,!rbbi,[!rbbi],[MS:God],N
1622.0,lm3rof,ʁ,[ʁ],[from],
1623.0,lm3rof,ma,[mad],[Pron:what],
1624.0,lm3rof,jkkatn,[i-kkat-n],[3MS-beat:Impf-partic],V
1625.0,lm3rof,lwalidajn,[l-walidajn],[FP:parents],N
